Plot,Easting,Northing,Site,Hyphae,Vesicles,Arbuscules,AM,DSE,NM,Colonization,AM_Present,DS_Present,Olpidium,Species,Family,Class,Type,Group,Stems_2008,Stems_2015,Stem_Change,Density,Rich_2015,PCo1,PCo2,Elevation,Snowpack,Moisture,Sand,MBC,DOC7,TDN7,TDP,TDIP,pH,Spores,AG,BG,BXYL,CBH,LAP,NAG,PHOS,BG:NAG,NAG:PHOS,Glomeromycota,Pleosporales,Microascales,Xylariales,Pezizales,Dothideales,Leotiales,Chaetothyriales,Eurotiales,Onygenales,Saccharomycetales,Taphrinales,Ambispora,Archaeospora,Acaulospora,Diversispora,Entrophospora,Gigaspora,Scutellospora,Glomus,Paraglomus,Herpotrichia,Leptosphaeria,Pleospora,Xylaria,Dothidea,Cudonia,Sclerotinia,Spathularia,Capronia,Elaphomyces,Debaryomyces,Taphrina,Alternaria,Aspergillus,Phialocephala,Phialophora,Shannon,DOC15,TDN15,Mean.Snow,Trend.Snow,CV.Snow,Julian,TIN,TON,AM_Rich,DSE_Rich,AMF_Yes,AMF_No,DSE_Yes,DSE_No,N:P
0,446512,4434101,D,0,0,0,0,27,73,27,0,1,0,FESBRA,Poaceae,Graminoid,Grass,Grass,128,313,185,100,21,0.345075193,0.31539161,3660.6,152.511,4.17,71,138.938,49.00520833,8.114583333,5.18,5.45,4.52,27,18.6055026,330.4447921,83.91176317,120.3467245,NA,37.72090069,418.5022281,8.760257206,0.090133094,0.047602636,0.045922543,0,0.000215397,0.002326283,0,0.000215397,0.109679921,0.014862362,0.000861586,0.002886314,0.001076983,0.03864214,0,0.001163141,8.62E-05,0,0,0,0,4.31E-05,0.0012493,0.002584759,0,0,0,0,0,0,0.036014302,0,0,0,0,0,8.62E-05,0,2.03,79.77,12.64,139.61,-5.75,0.58,229,0.765,11.88,1,0,0,100,27,73,0.140366972
0,446512,4434101,D,0,0,0,0,0,100,0,0,0,0,OREALP,Apiaceae,Forb,Forb,Forb,128,313,185,100,21,0.345075193,0.31539161,3660.6,152.511,4.17,71,138.938,49.00520833,8.114583333,5.18,5.45,4.52,27,18.6055026,330.4447921,83.91176317,120.3467245,NA,37.72090069,418.5022281,8.760257206,0.090133094,0.047602636,0.045922543,0,0.000215397,0.002326283,0,0.000215397,0.109679921,0.014862362,0.000861586,0.002886314,0.001076983,0.03864214,0,0.001163141,8.62E-05,0,0,0,0,4.31E-05,0.0012493,0.002584759,0,0,0,0,0,0,0.036014302,0,0,0,0,0,8.62E-05,0,2.03,79.77,12.64,139.61,-5.75,0.58,229,0.765,11.88,0,2,0,100,0,100,0.140366972
0,446512,4434101,D,1,28,0,28,42,37,63,1,1,0,SILACA,Caryophyllaceae,Forb,Forb,Forb,128,313,185,100,21,0.345075193,0.31539161,3660.6,152.511,4.17,71,138.938,49.00520833,8.114583333,5.18,5.45,4.52,27,18.6055026,330.4447921,83.91176317,120.3467245,NA,37.72090069,418.5022281,8.760257206,0.090133094,0.047602636,0.045922543,0,0.000215397,0.002326283,0,0.000215397,0.109679921,0.014862362,0.000861586,0.002886314,0.001076983,0.03864214,0,0.001163141,8.62E-05,0,0,0,0,4.31E-05,0.0012493,0.002584759,0,0,0,0,0,0,0.036014302,0,0,0,0,0,8.62E-05,0,2.03,79.77,12.64,139.61,-5.75,0.58,229,0.765,11.88,NA,NA,28,72,42,58,0.140366972
5,445040,4433817,A,0,0.5,0,0.5,30,70,30,1,1,0,FESBRA,Poaceae,Graminoid,Grass,Grass,36,98,62,31,13,0.176963505,-0.110019158,3932.8,95.5209,6.38,78,22.644,21.75,4.574468085,2.61,8.95,4.29,10,1.045256299,51.00057733,7.2063169,9.597869571,1.238238034,6.012351611,65.40179233,8.482633856,0.091929462,0.001491128,0.008946767,0.000198817,0,0.000497043,0,0.001143198,0.001689945,0,0,0,0.001888762,0,0,0,0,0,0,0.001342015,0,0,0,0,0,0,0,0,0,0,4.97E-05,0,0,0.001888762,0,0,0,0,1.77,35.79,4.91,132.44,-6.32,0.78,230,0.473,4.44,0,2,1,99,30,70,0.052849162
5,445040,4433817,A,0,0,0,0,1,99,1,0,1,0,SENFRE,Asteraceae,Forb,Forb,Forb,36,98,62,31,13,0.176963505,-0.110019158,3932.8,95.5209,6.38,78,22.644,21.75,4.574468085,2.61,8.95,4.29,10,1.045256299,51.00057733,7.2063169,9.597869571,1.238238034,6.012351611,65.40179233,8.482633856,0.091929462,0.001491128,0.008946767,0.000198817,0,0.000497043,0,0.001143198,0.001689945,0,0,0,0.001888762,0,0,0,0,0,0,0.001342015,0,0,0,0,0,0,0,0,0,0,4.97E-05,0,0,0.001888762,0,0,0,0,1.77,35.79,4.91,132.44,-6.32,0.78,230,0.473,4.44,3,3,0,100,1,99,0.052849162
5,445040,4433817,A,3,1,0,3,1,95,5,1,1,0,SILACA,Caryophyllaceae,Forb,Forb,Forb,36,98,62,31,13,0.176963505,-0.110019158,3932.8,95.5209,6.38,78,22.644,21.75,4.574468085,2.61,8.95,4.29,10,1.045256299,51.00057733,7.2063169,9.597869571,1.238238034,6.012351611,65.40179233,8.482633856,0.091929462,0.001491128,0.008946767,0.000198817,0,0.000497043,0,0.001143198,0.001689945,0,0,0,0.001888762,0,0,0,0,0,0,0.001342015,0,0,0,0,0,0,0,0,0,0,4.97E-05,0,0,0.001888762,0,0,0,0,1.77,35.79,4.91,132.44,-6.32,0.78,230,0.473,4.44,3,1,3,97,1,99,0.052849162
7,445185,4433921,A,17,1,0,17,1,82,18,1,1,0,CARPHA,Cyperaceae,Graminoid,Sedge,Sedge,60,105,45,33,10,0.188478911,-0.113495533,3927.8,65,1.01,76,11.758,15.1969697,1.994949495,0.48,2.71,4.55,21,1.842674211,49.48262033,6.627700733,16.6421698,1.978993866,8.43920171,87.19904499,5.863424294,0.096780896,0.012420232,0.053107199,0,4.28E-05,0.000728083,0.001413337,0,0.092809114,0.001199195,0,0.000214142,0.000214142,0,0,0,0.000342627,0,0,0,0,0,0,0,0,0,0,0,0.005824661,0,0.000813739,0,0,0,4.28E-05,0,4.28E-05,0,1.72,37.54,4.48,84.82,-0.6,0.7,228,0.419,4.06,3,4,17,83,1,99,0.154612546
7,445185,4433921,A,0,0,0,0,0,100,0,0,0,0,FESBRA,Poaceae,Graminoid,Grass,Grass,60,105,45,33,10,0.188478911,-0.113495533,3927.8,65,1.01,76,11.758,15.1969697,1.994949495,0.48,2.71,4.55,21,1.842674211,49.48262033,6.627700733,16.6421698,1.978993866,8.43920171,87.19904499,5.863424294,0.096780896,0.012420232,0.053107199,0,4.28E-05,0.000728083,0.001413337,0,0.092809114,0.001199195,0,0.000214142,0.000214142,0,0,0,0.000342627,0,0,0,0,0,0,0,0,0,0,0,0.005824661,0,0.000813739,0,0,0,4.28E-05,0,4.28E-05,0,1.72,37.54,4.48,84.82,-0.6,0.7,228,0.419,4.06,4,2,0,100,0,100,0.154612546
7,445185,4433921,A,3,14,1,14,17,73,27,1,1,0,GEUROS,Rosaceae,Forb,Forb,Forb,60,105,45,33,10,0.188478911,-0.113495533,3927.8,65,1.01,76,11.758,15.1969697,1.994949495,0.48,2.71,4.55,21,1.842674211,49.48262033,6.627700733,16.6421698,1.978993866,8.43920171,87.19904499,5.863424294,0.096780896,0.012420232,0.053107199,0,4.28E-05,0.000728083,0.001413337,0,0.092809114,0.001199195,0,0.000214142,0.000214142,0,0,0,0.000342627,0,0,0,0,0,0,0,0,0,0,0,0.005824661,0,0.000813739,0,0,0,4.28E-05,0,4.28E-05,0,1.72,37.54,4.48,84.82,-0.6,0.7,228,0.419,4.06,3,1,14,86,17,83,0.154612546
9,445301,4433948,A,19,0,0,19,0,81,19,1,0,0,CARALB,Cyperaceae,Graminoid,Sedge,Sedge,49,94,45,30,11,0.162926947,-0.162482137,3900.9,65,5.26,78,29.189,35.70526316,4.373684211,2.01,5.94,4.34,14,1.859395603,26.85447036,2.109457755,8.001412907,NA,5.477748277,55.13959759,4.902465211,0.099343276,0.032691037,0.086023692,0,0,0.001118511,0,0,0.05490874,0.012456149,0,0.000406731,0.000559256,0,0,0.007270324,0.000101683,0,0,0,0,0,0,0,0,0,0,0,0,0,0.001982816,0,0,0.000457573,0.000101683,0.000152524,0,0,1.71,7.74,1.38,90.59,0.1,0.71,228,0.162,1.22,6,3,19,81,0,100,0.027272727
9,445301,4433948,A,0,0,0,0,9,91,9,0,1,0,FESBRA,Poaceae,Graminoid,Grass,Grass,49,94,45,30,11,0.162926947,-0.162482137,3900.9,65,5.26,78,29.189,35.70526316,4.373684211,2.01,5.94,4.34,14,1.859395603,26.85447036,2.109457755,8.001412907,NA,5.477748277,55.13959759,4.902465211,0.099343276,0.032691037,0.086023692,0,0,0.001118511,0,0,0.05490874,0.012456149,0,0.000406731,0.000559256,0,0,0.007270324,0.000101683,0,0,0,0,0,0,0,0,0,0,0,0,0,0.001982816,0,0,0.000457573,0.000101683,0.000152524,0,0,1.71,7.74,1.38,90.59,0.1,0.71,228,0.162,1.22,0,0,0,100,9,91,0.027272727
9,445301,4433948,A,1,0,0,1,3,96,4,1,1,0,TRISPI,Poaceae,Graminoid,Grass,Grass,49,94,45,30,11,0.162926947,-0.162482137,3900.9,65,5.26,78,29.189,35.70526316,4.373684211,2.01,5.94,4.34,14,1.859395603,26.85447036,2.109457755,8.001412907,NA,5.477748277,55.13959759,4.902465211,0.099343276,0.032691037,0.086023692,0,0,0.001118511,0,0,0.05490874,0.012456149,0,0.000406731,0.000559256,0,0,0.007270324,0.000101683,0,0,0,0,0,0,0,0,0,0,0,0,0,0.001982816,0,0,0.000457573,0.000101683,0.000152524,0,0,1.71,7.74,1.38,90.59,0.1,0.71,228,0.162,1.22,4,3,1,99,3,97,0.027272727
13,445467,4433965,A,0,0,0,0,0,100,0,0,0,0,CIRSCO,Asteraceae,Forb,Forb,Forb,12,51,39,16,8,-0.086014887,-0.19223528,3893.8,65,5.26,66,88.574,19.52631579,4.221052632,0.86,4.37,4.04,10,1.318472036,44.34349564,2.753522062,7.84614974,NA,3.500776572,60.07815178,12.66675971,0.058270377,0.019253638,0.068973328,0,0,0.000226513,0,0.005039923,0.075881987,0.001528965,0,0.000113257,0.000792797,0,0,0,0.011948581,0,0,0.000283142,0,0,0,0.000396398,0,0,0,0,0,0,0.002774789,0,0,0.000736169,0.000509655,0,0,0,1.65,7.15,2.88,186.77,-4.82,0.87,228,0.532,2.35,4,2,0,100,0,100,0.12173913
13,445467,4433965,A,0,0,0,0,8,92,8,0,1,0,FESBRA,Poaceae,Graminoid,Grass,Grass,12,51,39,16,8,-0.086014887,-0.19223528,3893.8,65,5.26,66,88.574,19.52631579,4.221052632,0.86,4.37,4.04,10,1.318472036,44.34349564,2.753522062,7.84614974,NA,3.500776572,60.07815178,12.66675971,0.058270377,0.019253638,0.068973328,0,0,0.000226513,0,0.005039923,0.075881987,0.001528965,0,0.000113257,0.000792797,0,0,0,0.011948581,0,0,0.000283142,0,0,0,0.000396398,0,0,0,0,0,0,0.002774789,0,0,0.000736169,0.000509655,0,0,0,1.65,7.15,2.88,186.77,-4.82,0.87,228,0.532,2.35,1,4,0,100,8,92,0.12173913
13,445467,4433965,A,1,1,0,1,55,45,55,1,1,1,TRISPI,Poaceae,Graminoid,Grass,Grass,12,51,39,16,8,-0.086014887,-0.19223528,3893.8,65,5.26,66,88.574,19.52631579,4.221052632,0.86,4.37,4.04,10,1.318472036,44.34349564,2.753522062,7.84614974,NA,3.500776572,60.07815178,12.66675971,0.058270377,0.019253638,0.068973328,0,0,0.000226513,0,0.005039923,0.075881987,0.001528965,0,0.000113257,0.000792797,0,0,0,0.011948581,0,0,0.000283142,0,0,0,0.000396398,0,0,0,0,0,0,0.002774789,0,0,0.000736169,0.000509655,0,0,0,1.65,7.15,2.88,186.77,-4.82,0.87,228,0.532,2.35,4,2,1,99,55,45,0.12173913
18,445147,4433842,A,32,2,2,32,3,66,34,1,1,0,BESALP,Scrophulariaceae,Forb,Forb,Forb,54,118,64,38,10,0.229934612,-0.066067963,3886.4,65,16.28,62,122.735,81.27185726,13.51787359,4.71,8.76,4.45,59,14.89476359,320.5554553,42.0076309,103.1314105,NA,63.96507477,305.6453283,5.011413751,0.209278758,0.031573571,0.062079213,0.000742908,0.000185727,0.002878767,0.00027859,0.002553745,0.094163533,0.009147049,0.001532247,0.003900265,0.000510749,0.003064494,0,0.000464317,0.000464317,0,0,0,0,4.64E-05,0,0.002321586,0,0,0,0,0.000975066,0,0.029019826,0,0,0,0,0,0,0,1.75,32.96,3.75,92.63,0.78,0.86,230,0.428,3.32,6,4,32,68,3,97,0.048858447
18,445147,4433842,A,12,0.5,0,12,1,87,13,1,1,0,FESBRA,Poaceae,Graminoid,Grass,Grass,54,118,64,38,10,0.229934612,-0.066067963,3886.4,65,16.28,62,122.735,81.27185726,13.51787359,4.71,8.76,4.45,59,14.89476359,320.5554553,42.0076309,103.1314105,NA,63.96507477,305.6453283,5.011413751,0.209278758,0.031573571,0.062079213,0.000742908,0.000185727,0.002878767,0.00027859,0.002553745,0.094163533,0.009147049,0.001532247,0.003900265,0.000510749,0.003064494,0,0.000464317,0.000464317,0,0,0,0,4.64E-05,0,0.002321586,0,0,0,0,0.000975066,0,0.029019826,0,0,0,0,0,0,0,1.75,32.96,3.75,92.63,0.78,0.86,230,0.428,3.32,3,3,12,88,1,99,0.048858447
18,445147,4433842,A,3,1,0,3,64,34,66,1,1,0,SILACA,Caryophyllaceae,Forb,Forb,Forb,54,118,64,38,10,0.229934612,-0.066067963,3886.4,65,16.28,62,122.735,81.27185726,13.51787359,4.71,8.76,4.45,59,14.89476359,320.5554553,42.0076309,103.1314105,NA,63.96507477,305.6453283,5.011413751,0.209278758,0.031573571,0.062079213,0.000742908,0.000185727,0.002878767,0.00027859,0.002553745,0.094163533,0.009147049,0.001532247,0.003900265,0.000510749,0.003064494,0,0.000464317,0.000464317,0,0,0,0,4.64E-05,0,0.002321586,0,0,0,0,0.000975066,0,0.029019826,0,0,0,0,0,0,0,1.75,32.96,3.75,92.63,0.78,0.86,230,0.428,3.32,2,1,3,97,64,36,0.048858447
20,445077,4433730,A,0,0,0,0,0,100,0,0,0,0,SENFRE,Asteraceae,Forb,Forb,Forb,29,38,9,12,4,-0.239781864,-0.125131196,3882.4,132.896,8.7,64,125.285,48.34901439,9.874368435,9.17,14.39,4.49,3,0.64819456,21.61737125,1.585424233,3.616932537,0.901444196,6.691532701,NA,3.23055602,NA,0.006422352,0.205217334,0,6.62E-05,0.00182077,0.000728308,0.004601582,0.036647135,0.002019399,0,0.000960042,0.002151819,0,0,0,0,0,0,0,0,0,0,0.000331049,0,3.31E-05,3.31E-05,0,0.00013242,0,0.001423511,0,0.000430364,0.001324196,0.000297944,0,0,0,1.27,32.04,2.84,143.72,-2.28,0.52,238,0.432,2.41,2,1,0,100,0,100,0.030020848
20,445077,4433730,A,0,0,0,0,0,100,0,0,0,0,TRISPI,Poaceae,Graminoid,Grass,Grass,29,38,9,12,4,-0.239781864,-0.125131196,3882.4,132.896,8.7,64,125.285,48.34901439,9.874368435,9.17,14.39,4.49,3,0.64819456,21.61737125,1.585424233,3.616932537,0.901444196,6.691532701,NA,3.23055602,NA,0.006422352,0.205217334,0,6.62E-05,0.00182077,0.000728308,0.004601582,0.036647135,0.002019399,0,0.000960042,0.002151819,0,0,0,0,0,0,0,0,0,0,0.000331049,0,3.31E-05,3.31E-05,0,0.00013242,0,0.001423511,0,0.000430364,0.001324196,0.000297944,0,0,0,1.27,32.04,2.84,143.72,-2.28,0.52,238,0.432,2.41,0,2,0,100,0,100,0.030020848
22,445066,4433574,A,1,0,0,1,0,99,1,1,0,0,POASPP,Poaceae,Graminoid,Grass,Grass,NA,80,NA,25,4,0.047116853,-0.206687694,3875.3,NA,NA,NA,NA,NA,NA,NA,NA,NA,NA,1.472194861,29.74196525,4.016114409,8.314005525,0.911336977,5.753877277,NA,5.169030172,NA,0.001356469,0.076979596,0.000904312,0.000226078,0.000282598,0.000113039,0,0.073418866,0.007517097,0,5.65E-05,0.000339117,0,0,0,0.00124343,0,0,0,0,0,0,0.000791273,0,0.000226078,0,0,0.000169559,0,0,0,0,0.000113039,0,0,0,0,1.24,15.8,2.81,222.63,-6.78,0.44,238,0.524,2.29,0,1,1,99,0,100,NA
36,445084,4433630,A,0,1,0,1,1,98,2,1,1,0,ELYSCR,Poaceae,Graminoid,Grass,Grass,36,87,51,28,8,0.138037098,-0.173740133,3863.2,261.915,5.26,70,15.226,40.16918098,7.038971855,4.38,7.24,3.93,8,1.490485039,57.68356171,NA,11.36427016,0.812962048,18.88551074,NA,3.054381875,NA,0.00152399,0.043512534,0,0.000210205,0.002732671,0.000998476,0,0.072363235,0.001681644,0,0.000472962,0.001734195,0,0,0,0.000472962,0,0,0,0,0,0,0.000998476,0,0,0.000105103,0,0,0,0.000105103,0,0.000210205,0.000630616,5.26E-05,0,0,0,1.51,16.63,1.66,190.4,-2.85,0.45,238,0.362,1.3,1,2,1,99,1,99,0.05
36,445084,4433630,A,0,0,0,0,6,94,6,0,1,0,FESBRA,Poaceae,Graminoid,Grass,Grass,36,87,51,28,8,0.138037098,-0.173740133,3863.2,261.915,5.26,70,15.226,40.16918098,7.038971855,4.38,7.24,3.93,8,1.490485039,57.68356171,NA,11.36427016,0.812962048,18.88551074,NA,3.054381875,NA,0.00152399,0.043512534,0,0.000210205,0.002732671,0.000998476,0,0.072363235,0.001681644,0,0.000472962,0.001734195,0,0,0,0.000472962,0,0,0,0,0,0,0.000998476,0,0,0.000105103,0,0,0,0.000105103,0,0.000210205,0.000630616,5.26E-05,0,0,0,1.51,16.63,1.66,190.4,-2.85,0.45,238,0.362,1.3,1,3,0,100,6,94,0.05
39,445153,4433795,A,0,0,0,0,20,80,20,0,1,0,ELYSCR,Poaceae,Graminoid,Grass,Grass,37,93,56,30,9,0.128705812,-0.138078084,3870.3,63.5581,7.53,87,82.312,27.52079207,4.422122999,3.59,2.94,4.2,50,1.583687921,58.0174198,7.181557374,9.629360776,0.864575393,9.732206241,62.09117192,5.961384126,0.156740579,0.030168067,0.178823529,0.00012605,0.000462185,0.000462185,0.00012605,0.02697479,0.04105042,0.000210084,8.40E-05,0.000462185,0.001596639,4.20E-05,0,0.00012605,0.002605042,0,0.000504202,0,0,0.001008403,0,0.004579832,0,0.00012605,0,0,0,0,0.015210084,0,0,0.001008403,0,0,0,0,1.44,12.97,1.29,82.73,0.67,0.85,230,0.25,1.04,5,1,0,100,20,80,0.085034014
39,445153,4433795,A,0,6,0,6,0,94,6,1,0,0,SENFRE,Asteraceae,Forb,Forb,Forb,37,93,56,30,9,0.128705812,-0.138078084,3870.3,63.5581,7.53,87,82.312,27.52079207,4.422122999,3.59,2.94,4.2,50,1.583687921,58.0174198,7.181557374,9.629360776,0.864575393,9.732206241,62.09117192,5.961384126,0.156740579,0.030168067,0.178823529,0.00012605,0.000462185,0.000462185,0.00012605,0.02697479,0.04105042,0.000210084,8.40E-05,0.000462185,0.001596639,4.20E-05,0,0.00012605,0.002605042,0,0.000504202,0,0,0.001008403,0,0.004579832,0,0.00012605,0,0,0,0,0.015210084,0,0,0.001008403,0,0,0,0,1.44,12.97,1.29,82.73,0.67,0.85,230,0.25,1.04,11,1,6,94,0,100,0.085034014
39,445153,4433795,A,4,2,0,4,1,93,7,1,1,0,TRISPI,Poaceae,Graminoid,Grass,Grass,37,93,56,30,9,0.128705812,-0.138078084,3870.3,63.5581,7.53,87,82.312,27.52079207,4.422122999,3.59,2.94,4.2,50,1.583687921,58.0174198,7.181557374,9.629360776,0.864575393,9.732206241,62.09117192,5.961384126,0.156740579,0.030168067,0.178823529,0.00012605,0.000462185,0.000462185,0.00012605,0.02697479,0.04105042,0.000210084,8.40E-05,0.000462185,0.001596639,4.20E-05,0,0.00012605,0.002605042,0,0.000504202,0,0,0.001008403,0,0.004579832,0,0.00012605,0,0,0,0,0.015210084,0,0,0.001008403,0,0,0,0,1.44,12.97,1.29,82.73,0.67,0.85,230,0.25,1.04,3,2,4,96,1,99,0.085034014
43,445408,4433898,A,32,5,1,32,3,67,33,1,1,0,SENFRE,Asteraceae,Forb,Forb,Forb,44,47,3,15,9,-0.166582199,-0.175941179,3856.3,65,14.94,73,14.59,47.15593715,6.927198587,3.59,6.56,4.73,2,1.389357236,53.5943251,4.857250171,11.61065845,0.941101387,4.4952936,84.30228041,11.92231918,0.053323511,0.004955774,0.114735587,0,0,0.000250925,0,0,0.107333292,0,0.001631014,0,0,0,0,0,0.001191895,0,0,0,0,0,0,0,0,0,0,0,0,0,0.020764067,0,0,0,0,0,0,0,1.52,11.17,2.19,138.07,3.34,0.73,228,0.143,2.05,5,4,32,68,3,97,0.02179878
43,445408,4433898,A,0,6,0,6,4,90,10,1,1,0,TRISPI,Poaceae,Graminoid,Grass,Grass,44,47,3,15,9,-0.166582199,-0.175941179,3856.3,65,14.94,73,14.59,47.15593715,6.927198587,3.59,6.56,4.73,2,1.389357236,53.5943251,4.857250171,11.61065845,0.941101387,4.4952936,84.30228041,11.92231918,0.053323511,0.004955774,0.114735587,0,0,0.000250925,0,0,0.107333292,0,0.001631014,0,0,0,0,0,0.001191895,0,0,0,0,0,0,0,0,0,0,0,0,0,0.020764067,0,0,0,0,0,0,0,1.52,11.17,2.19,138.07,3.34,0.73,228,0.143,2.05,5,4,6,94,4,96,0.02179878
47,445430,4433885,A,12,1,0,12,0,88,12,1,0,0,CIRSCO,Asteraceae,Forb,Forb,Forb,30,77,47,25,15,0.071025207,-0.175504167,3844.1,65,16.28,71,72.384,93.68169551,11.93207362,2.49,4.22,4.8,11,1.873584544,67.35449682,6.867768442,17.40239013,1.425139203,9.269708498,134.5278045,7.26608575,0.068905521,0.006252974,0.14409026,0.000611704,0.000407803,0.001291375,0.001427309,0.000203901,0.044518453,0.00210698,0.001291375,0.000135934,0.000339836,0,0,6.80E-05,0.00047577,0,0,0,0,0.001495276,0,6.80E-05,0,0,0,0,0.000271868,0,0.005029566,0,0,0,0,0,0,0,1.9,9.86,3.55,178.46,0.09,0.78,228,0.199,3.35,8,1,12,88,0,100,0.047156398
47,445430,4433885,A,3,0,0,3,0,97,3,1,0,0,ELYSCR,Poaceae,Graminoid,Grass,Grass,30,77,47,25,15,0.071025207,-0.175504167,3844.1,65,16.28,71,72.384,93.68169551,11.93207362,2.49,4.22,4.8,11,1.873584544,67.35449682,6.867768442,17.40239013,1.425139203,9.269708498,134.5278045,7.26608575,0.068905521,0.006252974,0.14409026,0.000611704,0.000407803,0.001291375,0.001427309,0.000203901,0.044518453,0.00210698,0.001291375,0.000135934,0.000339836,0,0,6.80E-05,0.00047577,0,0,0,0,0.001495276,0,6.80E-05,0,0,0,0,0.000271868,0,0.005029566,0,0,0,0,0,0,0,1.9,9.86,3.55,178.46,0.09,0.78,228,0.199,3.35,2,3,3,97,0,100,0.047156398
47,445430,4433885,A,0,0.5,0,0.5,1,99,1,1,1,0,FESBRA,Poaceae,Graminoid,Grass,Grass,30,77,47,25,15,0.071025207,-0.175504167,3844.1,65,16.28,71,72.384,93.68169551,11.93207362,2.49,4.22,4.8,11,1.873584544,67.35449682,6.867768442,17.40239013,1.425139203,9.269708498,134.5278045,7.26608575,0.068905521,0.006252974,0.14409026,0.000611704,0.000407803,0.001291375,0.001427309,0.000203901,0.044518453,0.00210698,0.001291375,0.000135934,0.000339836,0,0,6.80E-05,0.00047577,0,0,0,0,0.001495276,0,6.80E-05,0,0,0,0,0.000271868,0,0.005029566,0,0,0,0,0,0,0,1.9,9.86,3.55,178.46,0.09,0.78,228,0.199,3.35,3,2,1,99,1,99,0.047156398
48,445376,4433854,A,0.5,0,0,0.5,0,99.5,0.5,1,0,0,CERARV,Caryophyllaceae,Forb,Forb,Forb,25,86,61,27,10,0.070193695,-0.154862787,3828.9,65,16.28,66,41.156,62.19935996,8.727088425,3.13,5.13,4.71,5,7.714157365,NA,29.8220364,188.1861301,2.381148134,68.96082852,340.3775652,NA,0.202600981,0.030879044,0.098688804,0.00069827,7.76E-05,0.001474125,0,0.000465513,0.012801614,0.000310342,0,0.194972457,0.001862053,0,0,0.001318954,0,0,0,0,0.014586081,0,0,0.000387928,0,0,0,0,0,0,0.001163783,0,0,0,0,0,0,0,1.73,14.06,1.87,115.78,-0.42,0.5,230,0.514,1.35,1,0,1,99,0,100,0.100194932
48,445376,4433854,A,0.5,0,0,0.5,0,99.5,0.5,1,0,1,CIRSCO,Asteraceae,Forb,Forb,Forb,25,86,61,27,10,0.070193695,-0.154862787,3828.9,65,16.28,66,41.156,62.19935996,8.727088425,3.13,5.13,4.71,5,7.714157365,NA,29.8220364,188.1861301,2.381148134,68.96082852,340.3775652,NA,0.202600981,0.030879044,0.098688804,0.00069827,7.76E-05,0.001474125,0,0.000465513,0.012801614,0.000310342,0,0.194972457,0.001862053,0,0,0.001318954,0,0,0,0,0.014586081,0,0,0.000387928,0,0,0,0,0,0,0.001163783,0,0,0,0,0,0,0,1.73,14.06,1.87,115.78,-0.42,0.5,230,0.514,1.35,2,1,1,99,0,100,0.100194932
48,445376,4433854,A,8,2,0,8,0,92,8,1,0,0,DESCES,Poaceae,Graminoid,Grass,Grass,25,86,61,27,10,0.070193695,-0.154862787,3828.9,65,16.28,66,41.156,62.19935996,8.727088425,3.13,5.13,4.71,5,7.714157365,NA,29.8220364,188.1861301,2.381148134,68.96082852,340.3775652,NA,0.202600981,0.030879044,0.098688804,0.00069827,7.76E-05,0.001474125,0,0.000465513,0.012801614,0.000310342,0,0.194972457,0.001862053,0,0,0.001318954,0,0,0,0,0.014586081,0,0,0.000387928,0,0,0,0,0,0,0.001163783,0,0,0,0,0,0,0,1.73,14.06,1.87,115.78,-0.42,0.5,230,0.514,1.35,7,5,8,92,0,100,0.100194932
51,445199,4433772,A,29,0,1,29,0.5,72,28,1,1,0,BESALP,Scrophulariaceae,Forb,Forb,Forb,42,67,25,21,8,0.040403355,-0.18558784,3846.7,60.6189,6.38,84,42.753,38.31181688,5.561203054,3.31,7.39,4.77,19,1.833052011,NA,6.452115502,12.69806749,0.885679982,8.021201366,81.29043411,NA,0.098673373,0.007709721,0.080935665,0,0.001377908,0.000623339,0.000229651,3.28E-05,0.175256717,0.001541944,0,0.000164037,0.000623339,0,0,0.000754568,3.28E-05,0,0,0,0,0,0,0.002919852,0,0.000787376,0,0,0,0,0.00551163,0,6.56E-05,0.000164037,0,0,0,0.000164037,1.45,7.43,1.07,69.34,0.89,0.72,230,0.176,0.9,0,1,29,71,1,99,0.023815968
51,445199,4433772,A,0,2,0,2,10,88,12,1,1,0,FESBRA,Poaceae,Graminoid,Grass,Grass,42,67,25,21,8,0.040403355,-0.18558784,3846.7,60.6189,6.38,84,42.753,38.31181688,5.561203054,3.31,7.39,4.77,19,1.833052011,NA,6.452115502,12.69806749,0.885679982,8.021201366,81.29043411,NA,0.098673373,0.007709721,0.080935665,0,0.001377908,0.000623339,0.000229651,3.28E-05,0.175256717,0.001541944,0,0.000164037,0.000623339,0,0,0.000754568,3.28E-05,0,0,0,0,0,0,0.002919852,0,0.000787376,0,0,0,0,0.00551163,0,6.56E-05,0.000164037,0,0,0,0.000164037,1.45,7.43,1.07,69.34,0.89,0.72,230,0.176,0.9,1,3,2,98,10,90,0.023815968
51,445199,4433772,A,0,0.5,0,0.5,0,99.5,0.5,1,0,1,TRISPI,Poaceae,Graminoid,Grass,Grass,42,67,25,21,8,0.040403355,-0.18558784,3846.7,60.6189,6.38,84,42.753,38.31181688,5.561203054,3.31,7.39,4.77,19,1.833052011,NA,6.452115502,12.69806749,0.885679982,8.021201366,81.29043411,NA,0.098673373,0.007709721,0.080935665,0,0.001377908,0.000623339,0.000229651,3.28E-05,0.175256717,0.001541944,0,0.000164037,0.000623339,0,0,0.000754568,3.28E-05,0,0,0,0,0,0,0.002919852,0,0.000787376,0,0,0,0,0.00551163,0,6.56E-05,0.000164037,0,0,0,0.000164037,1.45,7.43,1.07,69.34,0.89,0.72,230,0.176,0.9,2,3,1,99,0,100,0.023815968
53,445102,4433669,A,0,0.5,0,0.5,8,92,8,1,1,0,FESBRA,Poaceae,Graminoid,Grass,Grass,48,86,38,27,7,0.131364331,-0.164518737,3859.5,197.641,12.36,67,254.337,56.31854027,6.29838576,4.25,8.39,4.41,6,1.737586956,NA,3.229641879,8.025518352,0.366263534,6.460732317,58.9323311,NA,0.109629675,0.002906242,0.064821835,0,8.42E-05,0.000252717,0.000421195,0,0.09047258,0.00227445,0,0.000589672,0.001347822,0,0,0,0.000126358,0,0,0,0,0,0,0,0,0,0,0,0.000421195,0,0.000210597,0,0,0.000294836,0,0,0,0,1.33,16.22,1.89,161.45,-0.9,0.5,238,0.313,1.57,0,2,1,99,8,92,0.037306317
54,445102,4433669,A,0,0,0,0,0.5,99.5,0.5,0,1,0,FESBRA,Poaceae,Graminoid,Grass,Grass,48,42,-6,13,5,-0.184725094,-0.201177805,3859.5,197.641,12.36,67,254.337,56.31854027,6.29838576,4.25,8.39,4.41,NA,1.956987548,40.63622621,2.934537687,18.29365818,1.015818967,8.443470578,55.68378842,4.812739718,0.151632474,0.000138619,0.129220959,0,2.77E-05,0.000443582,0.000998059,2.77E-05,0.184003327,0.000194067,0,0.000277239,0.001025783,0,0,0,0,0,8.32E-05,0,0,0,0,2.77E-05,0,0,0,0,2.77E-05,0,0.000304963,0,0,0.000415858,0.000110895,0,2.77E-05,0,1.3,8.78,0.6,193.52,-2.56,0.46,235,0.205,0.39,0,4,0,100,1,99,0.02443385
56,445411,4433835,A,0,0,0,0,1,99,1,0,1,0,FESBRA,Poaceae,Graminoid,Grass,Grass,114,251,137,80,17,0.354223073,0.254770339,3814.3,65,3.09,86,141.682,74.21989459,12.82849904,6.7,8.72,5.04,34,65.36656107,689.4358785,NA,512.4626082,5.536643826,NA,796.5791798,NA,NA,0.142421935,0.056359482,0.000761615,0.000253872,0.004315816,0,0,0.025387154,0.001269358,0.011678091,0.007362275,0.001015486,0.008631632,0,0.026910383,0,0,0,0,0.102310231,0,0,0,0,0,0,0,0,0.004315816,0.000761615,0,0,0,0,0,0.000507743,0,1.84,39.92,5.56,162.31,-3.88,0.71,230,1.683,3.88,NA,NA,0,100,1,99,0.193004587
56,445411,4433835,A,0.5,0.5,0,0.5,34,66,34,1,1,0,GEUROS,Rosaceae,Forb,Forb,Forb,114,251,137,80,17,0.354223073,0.254770339,3814.3,65,3.09,86,141.682,74.21989459,12.82849904,6.7,8.72,5.04,34,65.36656107,689.4358785,NA,512.4626082,5.536643826,NA,796.5791798,NA,NA,0.142421935,0.056359482,0.000761615,0.000253872,0.004315816,0,0,0.025387154,0.001269358,0.011678091,0.007362275,0.001015486,0.008631632,0,0.026910383,0,0,0,0,0.102310231,0,0,0,0,0,0,0,0,0.004315816,0.000761615,0,0,0,0,0,0.000507743,0,1.84,39.92,5.56,162.31,-3.88,0.71,230,1.683,3.88,2,2,1,99,34,66,0.193004587
56,445411,4433835,A,0,0,0,0,13,87,13,0,1,0,TRIDAS,Fabaceae,Forb,Forb,N-fixer,114,251,137,80,17,0.354223073,0.254770339,3814.3,65,3.09,86,141.682,74.21989459,12.82849904,6.7,8.72,5.04,34,65.36656107,689.4358785,NA,512.4626082,5.536643826,NA,796.5791798,NA,NA,0.142421935,0.056359482,0.000761615,0.000253872,0.004315816,0,0,0.025387154,0.001269358,0.011678091,0.007362275,0.001015486,0.008631632,0,0.026910383,0,0,0,0,0.102310231,0,0,0,0,0,0,0,0,0.004315816,0.000761615,0,0,0,0,0,0.000507743,0,1.84,39.92,5.56,162.31,-3.88,0.71,230,1.683,3.88,2,2,0,100,13,87,0.193004587
57,445355,4433813,A,36,5,18,36,2,63,37,1,1,0,BESALP,Scrophulariaceae,Forb,Forb,Forb,10,85,75,27,14,0.105629382,-0.167322965,3813.3,65,0,86,89.831,32.68889874,4.361405878,1.72,6.06,4.58,19,2.57720653,91.62100197,14.82446204,25.05472173,1.170093879,14.69428871,148.4678217,6.23514372,0.098972885,0.010529019,0.086914341,0.000485077,0.000199737,0.000599212,2.85E-05,0.002482452,0.066740855,0.000570679,0.007418821,0.001854705,0.000114136,0,0,0.00014267,0.001826171,0,0,0,0,0,0,0.000856018,0,0,0,0,0,0,0.009986874,0,0,0,2.85E-05,0,0,0,1.84,10.64,1.65,117.39,-1.65,0.5,230,0.412,1.24,2,0,36,64,2,98,0.067986799
57,445355,4433813,A,3,3,0,3,3,94,6,1,1,0,ELYSCR,Poaceae,Graminoid,Grass,Grass,10,85,75,27,14,0.105629382,-0.167322965,3813.3,65,0,86,89.831,32.68889874,4.361405878,1.72,6.06,4.58,19,2.57720653,91.62100197,14.82446204,25.05472173,1.170093879,14.69428871,148.4678217,6.23514372,0.098972885,0.010529019,0.086914341,0.000485077,0.000199737,0.000599212,2.85E-05,0.002482452,0.066740855,0.000570679,0.007418821,0.001854705,0.000114136,0,0,0.00014267,0.001826171,0,0,0,0,0,0,0.000856018,0,0,0,0,0,0,0.009986874,0,0,0,2.85E-05,0,0,0,1.84,10.64,1.65,117.39,-1.65,0.5,230,0.412,1.24,3,2,3,97,3,97,0.067986799
57,445355,4433813,A,0,0,0,0,4,96,4,0,1,0,FESBRA,Poaceae,Graminoid,Grass,Grass,10,85,75,27,14,0.105629382,-0.167322965,3813.3,65,0,86,89.831,32.68889874,4.361405878,1.72,6.06,4.58,19,2.57720653,91.62100197,14.82446204,25.05472173,1.170093879,14.69428871,148.4678217,6.23514372,0.098972885,0.010529019,0.086914341,0.000485077,0.000199737,0.000599212,2.85E-05,0.002482452,0.066740855,0.000570679,0.007418821,0.001854705,0.000114136,0,0,0.00014267,0.001826171,0,0,0,0,0,0,0.000856018,0,0,0,0,0,0,0.009986874,0,0,0,2.85E-05,0,0,0,1.84,10.64,1.65,117.39,-1.65,0.5,230,0.412,1.24,1,3,0,100,4,96,0.067986799
59,445250,4433767,A,1,1,0,1,0,99,1,1,0,0,ELYSCR,Poaceae,Graminoid,Grass,Grass,21,154,133,49,8,0.289430104,0.018290362,3826.1,68.3429,3.09,87,19.181,35.25107296,4.836686726,3.1,6.28,4.06,10,1.264192867,45.95174284,3.984089395,15.86331963,0.974026528,6.676146072,138.4194388,6.88297445,0.048231275,0.038696249,0.08850939,0.000141918,0.000141918,0.00023653,0,0.000189224,0.04716401,0.000662283,0,0.003547945,4.73E-05,0,0,0.003406027,0.000189224,0,0,0,9.46E-05,0.000804201,0,0.004777899,0,0,0,0,0,0,0.004494063,0,0,0,0,0,0,0,1.32,5.4,0.82,69.11,-0.57,0.65,235,0.177,0.64,5,0,1,99,0,100,0.028184713
59,445250,4433767,A,2,0,0,2,5,93,7,1,1,0,FESBRA,Poaceae,Graminoid,Grass,Grass,21,154,133,49,8,0.289430104,0.018290362,3826.1,68.3429,3.09,87,19.181,35.25107296,4.836686726,3.1,6.28,4.06,10,1.264192867,45.95174284,3.984089395,15.86331963,0.974026528,6.676146072,138.4194388,6.88297445,0.048231275,0.038696249,0.08850939,0.000141918,0.000141918,0.00023653,0,0.000189224,0.04716401,0.000662283,0,0.003547945,4.73E-05,0,0,0.003406027,0.000189224,0,0,0,9.46E-05,0.000804201,0,0.004777899,0,0,0,0,0,0,0.004494063,0,0,0,0,0,0,0,1.32,5.4,0.82,69.11,-0.57,0.65,235,0.177,0.64,4,0,2,98,5,95,0.028184713
59,445250,4433767,A,0.5,0,0,0.5,6,94,6,1,1,0,TRISPI,Poaceae,Graminoid,Grass,Grass,21,154,133,49,8,0.289430104,0.018290362,3826.1,68.3429,3.09,87,19.181,35.25107296,4.836686726,3.1,6.28,4.06,10,1.264192867,45.95174284,3.984089395,15.86331963,0.974026528,6.676146072,138.4194388,6.88297445,0.048231275,0.038696249,0.08850939,0.000141918,0.000141918,0.00023653,0,0.000189224,0.04716401,0.000662283,0,0.003547945,4.73E-05,0,0,0.003406027,0.000189224,0,0,0,9.46E-05,0.000804201,0,0.004777899,0,0,0,0,0,0,0.004494063,0,0,0,0,0,0,0,1.32,5.4,0.82,69.11,-0.57,0.65,235,0.177,0.64,7,1,1,99,6,94,0.028184713
60,445217,4433739,A,0,0,3,3,2,95,5,0,1,0,ELYSCR,Poaceae,Graminoid,Grass,Grass,29,53,24,17,5,-0.04251445,-0.186360184,3831.8,56.2458,1.01,79,29.918,29.06927177,4.033276631,5.09,9.41,3.98,21,1.308011203,40.4331499,4.631500812,6.578493155,0.785135005,6.684602059,128.779734,6.048699615,0.051907252,0.180809094,0.10330993,0,0.000668673,0.000501505,0.00036777,0,0.02106319,0.000969575,0,0.00929455,0.000267469,0,0,0.010330993,0.003811434,0,0,0,0,0.001337345,0,0,0,0,0,0,3.34E-05,0,0.00073554,0,0,0,0,0,0,0,1.35,4.53,0.76,81.28,-0.26,0.73,235,0.126,0.64,3,1,3,97,2,98,0.013390011
60,445217,4433739,A,0,0,0,0,1,99,1,0,1,0,FESBRA,Poaceae,Graminoid,Grass,Grass,29,53,24,17,5,-0.04251445,-0.186360184,3831.8,56.2458,1.01,79,29.918,29.06927177,4.033276631,5.09,9.41,3.98,21,1.308011203,40.4331499,4.631500812,6.578493155,0.785135005,6.684602059,128.779734,6.048699615,0.051907252,0.180809094,0.10330993,0,0.000668673,0.000501505,0.00036777,0,0.02106319,0.000969575,0,0.00929455,0.000267469,0,0,0.010330993,0.003811434,0,0,0,0,0.001337345,0,0,0,0,0,0,3.34E-05,0,0.00073554,0,0,0,0,0,0,0,1.35,4.53,0.76,81.28,-0.26,0.73,235,0.126,0.64,2,0,0,100,1,99,0.013390011
60,445217,4433739,A,0,2,0,2,15,83,17,1,1,1,TRISPI,Poaceae,Graminoid,Grass,Grass,29,53,24,17,5,-0.04251445,-0.186360184,3831.8,56.2458,1.01,79,29.918,29.06927177,4.033276631,5.09,9.41,3.98,21,1.308011203,40.4331499,4.631500812,6.578493155,0.785135005,6.684602059,128.779734,6.048699615,0.051907252,0.180809094,0.10330993,0,0.000668673,0.000501505,0.00036777,0,0.02106319,0.000969575,0,0.00929455,0.000267469,0,0,0.010330993,0.003811434,0,0,0,0,0.001337345,0,0,0,0,0,0,3.34E-05,0,0.00073554,0,0,0,0,0,0,0,1.35,4.53,0.76,81.28,-0.26,0.73,235,0.126,0.64,4,1,2,98,15,85,0.013390011
61,445168,4433684,A,0,0,0,0,3,97,3,0,1,0,FESBRA,Poaceae,Graminoid,Grass,Grass,27,172,145,55,8,0.3086304,0.036783808,3835.1,102.523,2.04,52,120.514,47.35268915,8.52761773,7.05,8.55,4.19,75,3.228093812,66.37309248,14.86881772,16.89313927,0.827161763,18.32074748,196.8508097,3.622837581,0.093069201,0.058913863,0.035925357,0,4.65E-05,0.001256457,0,0.000325748,0.047466145,0.004467402,0,0.006328819,4.65E-05,0,0,0.003257481,0.003536693,0,0,0,0,0,0,0,0,0,0,0,4.65E-05,0,0.001582205,0,0,0,0,0,0,0,1.47,11.38,1.03,120.19,0.61,0.59,235,0.167,0.86,3,4,0,100,3,97,0.019532164
61,445168,4433684,A,0,0,0,0,1,99,1,0,1,0,TRISPI,Poaceae,Graminoid,Grass,Grass,27,172,145,55,8,0.3086304,0.036783808,3835.1,102.523,2.04,52,120.514,47.35268915,8.52761773,7.05,8.55,4.19,75,3.228093812,66.37309248,14.86881772,16.89313927,0.827161763,18.32074748,196.8508097,3.622837581,0.093069201,0.058913863,0.035925357,0,4.65E-05,0.001256457,0,0.000325748,0.047466145,0.004467402,0,0.006328819,4.65E-05,0,0,0.003257481,0.003536693,0,0,0,0,0,0,0,0,0,0,0,4.65E-05,0,0.001582205,0,0,0,0,0,0,0,1.47,11.38,1.03,120.19,0.61,0.59,235,0.167,0.86,0,0,0,100,1,99,0.019532164
62,445168,4433602,A,0,0,0,0,5,95,5,0,1,0,FESBRA,Poaceae,Graminoid,Grass,Grass,12,79,67,25,4,0.099574941,-0.193166194,3818.5,278.769,12.36,87,246.138,113.3765947,18.4603743,23.75,34.89,4.6,11,19.49848078,424.3552084,29.97006998,39.25132288,1.657834649,24.30376757,270.0482101,17.46047016,0.089997884,0.001636857,0.007266049,0,0,0.007705206,0,0,0.063877355,0.014252635,0,0.004231875,0.00023954,0,0,0,0,0,0.000159693,0,0,0,0,0,0,0,0,0,0,0,0.00059885,0,0,3.99E-05,0,0,0,0,1.27,23.39,2.36,227.41,-6.07,0.47,238,0.431,1.92,1,1,0,100,5,95,0.01235311
66,445276,4433729,A,0,0,0,0,0,100,0,0,0,0,CARRUP,Cyperaceae,Graminoid,Sedge,Sedge,72,256,184,82,20,0.35674076,0.237820526,3812.3,72.4137,12.36,63,179.411,92.88461956,13.18288831,8.39,20.73,4.42,13,2.705055176,88.69460562,27.43093281,23.56857924,1.05480371,13.62185349,155.6934928,6.511199499,0.087491476,0.027686248,0.072567511,0,0.000378745,0.000454494,0.00109836,0.000151498,0.115782297,0.005908419,0.000378745,0.001325607,0.00075749,0,0,0.000454494,0.000492368,0,0,0,7.57E-05,0,0,0.000151498,0,0,0,7.57E-05,0,0,0.008332386,0,0,0.000265121,3.79E-05,0,0,0,1.92,12.26,1.05,78.57,-0.77,0.55,235,0.172,0.88,7,3,0,100,0,100,0.008297154
66,445276,4433729,A,5,7,0,7,32,61,39,1,1,0,FESBRA,Poaceae,Graminoid,Grass,Grass,72,256,184,82,20,0.35674076,0.237820526,3812.3,72.4137,12.36,63,179.411,92.88461956,13.18288831,8.39,20.73,4.42,13,2.705055176,88.69460562,27.43093281,23.56857924,1.05480371,13.62185349,155.6934928,6.511199499,0.087491476,0.027686248,0.072567511,0,0.000378745,0.000454494,0.00109836,0.000151498,0.115782297,0.005908419,0.000378745,0.001325607,0.00075749,0,0,0.000454494,0.000492368,0,0,0,7.57E-05,0,0,0.000151498,0,0,0,7.57E-05,0,0,0.008332386,0,0,0.000265121,3.79E-05,0,0,0,1.92,12.26,1.05,78.57,-0.77,0.55,235,0.172,0.88,5,3,7,93,32,68,0.008297154
66,445276,4433729,A,0,3,0,3,4,93,7,1,1,0,GEUROS,Rosaceae,Forb,Forb,Forb,72,256,184,82,20,0.35674076,0.237820526,3812.3,72.4137,12.36,63,179.411,92.88461956,13.18288831,8.39,20.73,4.42,13,2.705055176,88.69460562,27.43093281,23.56857924,1.05480371,13.62185349,155.6934928,6.511199499,0.087491476,0.027686248,0.072567511,0,0.000378745,0.000454494,0.00109836,0.000151498,0.115782297,0.005908419,0.000378745,0.001325607,0.00075749,0,0,0.000454494,0.000492368,0,0,0,7.57E-05,0,0,0.000151498,0,0,0,7.57E-05,0,0,0.008332386,0,0,0.000265121,3.79E-05,0,0,0,1.92,12.26,1.05,78.57,-0.77,0.55,235,0.172,0.88,2,3,3,97,4,96,0.008297154
69,445275,4433621,A,0,0,0,0,2,98,2,0,1,0,FESBRA,Poaceae,Graminoid,Grass,Grass,NA,150,NA,48,6,0.29788219,-0.010425177,3790.9,NA,NA,NA,NA,NA,NA,NA,NA,NA,NA,NA,NA,NA,NA,NA,NA,NA,NA,NA,NA,NA,NA,NA,NA,NA,NA,NA,NA,NA,NA,NA,NA,NA,NA,NA,NA,NA,NA,NA,NA,NA,NA,NA,NA,NA,NA,NA,NA,NA,NA,NA,NA,NA,NA,NA,NA,1.42,NA,NA,153.88,-5.84,0.48,235,NA,NA,1,3,0,100,2,98,NA
69,445275,4433621,A,0,0,0,0,1,99,1,0,1,0,LUZSPI,Juncaceae,Graminoid,Rush,Rush,NA,150,NA,48,6,0.29788219,-0.010425177,3790.9,NA,NA,NA,NA,NA,NA,NA,NA,NA,NA,NA,NA,NA,NA,NA,NA,NA,NA,NA,NA,NA,NA,NA,NA,NA,NA,NA,NA,NA,NA,NA,NA,NA,NA,NA,NA,NA,NA,NA,NA,NA,NA,NA,NA,NA,NA,NA,NA,NA,NA,NA,NA,NA,NA,NA,NA,1.42,NA,NA,153.88,-5.84,0.48,235,NA,NA,0,2,0,100,1,99,NA
69,445275,4433621,A,0,0,0,0,2,98,2,0,1,0,TRISPI,Poaceae,Graminoid,Grass,Grass,NA,150,NA,48,6,0.29788219,-0.010425177,3790.9,NA,NA,NA,NA,NA,NA,NA,NA,NA,NA,NA,NA,NA,NA,NA,NA,NA,NA,NA,NA,NA,NA,NA,NA,NA,NA,NA,NA,NA,NA,NA,NA,NA,NA,NA,NA,NA,NA,NA,NA,NA,NA,NA,NA,NA,NA,NA,NA,NA,NA,NA,NA,NA,NA,NA,NA,1.42,NA,NA,153.88,-5.84,0.48,235,NA,NA,0,1,0,100,2,98,NA
70,445386,4433732,A,0,0,0,0,1,99,1,0,1,0,FESBRA,Poaceae,Graminoid,Grass,Grass,NA,80,NA,25,6,0.085438101,-0.209753743,3772.5,NA,NA,NA,NA,NA,NA,NA,NA,NA,NA,NA,NA,NA,NA,NA,NA,NA,NA,NA,NA,NA,NA,NA,NA,NA,NA,NA,NA,NA,NA,NA,NA,NA,NA,NA,NA,NA,NA,NA,NA,NA,NA,NA,NA,NA,NA,NA,NA,NA,NA,NA,NA,NA,NA,NA,NA,1.29,NA,NA,158.69,-2.64,0.52,230,NA,NA,1,1,0,100,1,99,NA
71,445443,4433756,A,1,0,0,1,0,99,1,1,0,0,CARPYR,Cyperaceae,Graminoid,Sedge,Sedge,NA,132,NA,42,14,0.221301211,-0.034804737,3760.2,NA,NA,NA,NA,NA,NA,NA,NA,NA,NA,NA,NA,NA,NA,NA,NA,NA,NA,NA,NA,NA,NA,NA,NA,NA,NA,NA,NA,NA,NA,NA,NA,NA,NA,NA,NA,NA,NA,NA,NA,NA,NA,NA,NA,NA,NA,NA,NA,NA,NA,NA,NA,NA,NA,NA,NA,1.82,NA,NA,188.5,-5.56,0.39,230,NA,NA,1,2,1,99,0,100,NA
71,445443,4433756,A,0,5,0,5,0,95,5,1,0,0,DESCES,Poaceae,Graminoid,Grass,Grass,NA,132,NA,42,14,0.221301211,-0.034804737,3760.2,NA,NA,NA,NA,NA,NA,NA,NA,NA,NA,NA,NA,NA,NA,NA,NA,NA,NA,NA,NA,NA,NA,NA,NA,NA,NA,NA,NA,NA,NA,NA,NA,NA,NA,NA,NA,NA,NA,NA,NA,NA,NA,NA,NA,NA,NA,NA,NA,NA,NA,NA,NA,NA,NA,NA,NA,1.82,NA,NA,188.5,-5.56,0.39,230,NA,NA,5,2,5,95,0,100,NA
71,445443,4433756,A,0,0,0,0,13,87,13,0,1,0,FESBRA,Poaceae,Graminoid,Grass,Grass,NA,132,NA,42,14,0.221301211,-0.034804737,3760.2,NA,NA,NA,NA,NA,NA,NA,NA,NA,NA,NA,NA,NA,NA,NA,NA,NA,NA,NA,NA,NA,NA,NA,NA,NA,NA,NA,NA,NA,NA,NA,NA,NA,NA,NA,NA,NA,NA,NA,NA,NA,NA,NA,NA,NA,NA,NA,NA,NA,NA,NA,NA,NA,NA,NA,NA,1.82,NA,NA,188.5,-5.56,0.39,230,NA,NA,1,3,0,100,13,87,NA
74,445443,4433819,A,15,7,0,15,27,60,40,1,1,0,ERISIM,Asteraceae,Forb,Forb,Forb,94,265,171,84,23,0.354391478,0.260379442,3794.2,149.44,12.36,59,197.967,97.94487281,15.82043779,7.62,13.64,4.4,21,,342.3027187,84.25448246,86.80351648,2.307749573,49.59278403,374.1275446,6.902268655,0.132555822,0.026930552,0.04101059,0.000356959,3.97E-05,0.002895332,0,0.003490263,0.060960616,0.001229524,0.001943442,0.063816285,0.000356959,0.00420418,0,0.000277635,7.93E-05,3.97E-05,0,0,0,0,0,0.001229524,0,0,0,0,0.000396621,0,0.012374569,0,0,3.97E-05,0,0,0.00896363,0,2.09,17.54,2.29,183.88,-4.36,0.63,230,0.302,1.98,NA,NA,15,85,27,73,0.022140762
74,445443,4433819,A,10,21,0,21,8,63,37,1,1,0,GEUROS,Rosaceae,Forb,Forb,Forb,94,265,171,84,23,0.354391478,0.260379442,3794.2,149.44,12.36,59,197.967,97.94487281,15.82043779,7.62,13.64,4.4,21,,342.3027187,84.25448246,86.80351648,2.307749573,49.59278403,374.1275446,6.902268655,0.132555822,0.026930552,0.04101059,0.000356959,3.97E-05,0.002895332,0,0.003490263,0.060960616,0.001229524,0.001943442,0.063816285,0.000356959,0.00420418,0,0.000277635,7.93E-05,3.97E-05,0,0,0,0,0,0.001229524,0,0,0,0,0.000396621,0,0.012374569,0,0,3.97E-05,0,0,0.00896363,0,2.09,17.54,2.29,183.88,-4.36,0.63,230,0.302,1.98,NA,NA,21,79,8,92,0.022140762
74,445443,4433819,A,4,2,0,4,3,91,9,1,1,0,SILACA,Caryophyllaceae,Forb,Forb,Forb,94,265,171,84,23,0.354391478,0.260379442,3794.2,149.44,12.36,59,197.967,97.94487281,15.82043779,7.62,13.64,4.4,21,,342.3027187,84.25448246,86.80351648,2.307749573,49.59278403,374.1275446,6.902268655,0.132555822,0.026930552,0.04101059,0.000356959,3.97E-05,0.002895332,0,0.003490263,0.060960616,0.001229524,0.001943442,0.063816285,0.000356959,0.00420418,0,0.000277635,7.93E-05,3.97E-05,0,0,0,0,0,0.001229524,0,0,0,0,0.000396621,0,0.012374569,0,0,3.97E-05,0,0,0.00896363,0,2.09,17.54,2.29,183.88,-4.36,0.63,230,0.302,1.98,12,2,4,96,3,97,0.022140762
75,445494,4433834,A,3,0,0,3,0,97,3,1,0,0,CARALB,Cyperaceae,Graminoid,Sedge,Sedge,32,177,145,56,19,0.284822635,0.068733461,3789.5,149.521,11.11,37,199.169,57.9769575,9.003831849,1.48,5.56,4.65,30,9.283288232,226.7612743,32.92031325,53.90703214,1.606222746,27.40041956,267.0924174,8.275832193,0.102587785,0.027146592,0.134275085,0,0.000100543,0.001407601,0.000452443,0.000100543,0.14060929,0.003820631,5.03E-05,0.000150814,0.000251357,0,0,0.000452443,0,0,0,0.000201086,0.000100543,0.00447416,0,0.001005429,0,0,0,0,0.001960587,0,0.000301629,0,0,0,0.000201086,0,0,0,1.94,9.96,1.92,190.09,-1.31,0.51,228,0.511,1.41,NA,NA,3,97,0,100,0.091906475
75,445494,4433834,A,0,0,0,0,0.5,99.5,0.5,0,1,0,CARPYR,Cyperaceae,Graminoid,Sedge,Sedge,32,177,145,56,19,0.284822635,0.068733461,3789.5,149.521,11.11,37,199.169,57.9769575,9.003831849,1.48,5.56,4.65,30,9.283288232,226.7612743,32.92031325,53.90703214,1.606222746,27.40041956,267.0924174,8.275832193,0.102587785,0.027146592,0.134275085,0,0.000100543,0.001407601,0.000452443,0.000100543,0.14060929,0.003820631,5.03E-05,0.000150814,0.000251357,0,0,0.000452443,0,0,0,0.000201086,0.000100543,0.00447416,0,0.001005429,0,0,0,0,0.001960587,0,0.000301629,0,0,0,0.000201086,0,0,0,1.94,9.96,1.92,190.09,-1.31,0.51,228,0.511,1.41,2,1,0,100,1,99,0.091906475
75,445494,4433834,A,1,7,0,7,1,91,9,1,1,0,DESCES,Poaceae,Graminoid,Grass,Grass,32,177,145,56,19,0.284822635,0.068733461,3789.5,149.521,11.11,37,199.169,57.9769575,9.003831849,1.48,5.56,4.65,30,9.283288232,226.7612743,32.92031325,53.90703214,1.606222746,27.40041956,267.0924174,8.275832193,0.102587785,0.027146592,0.134275085,0,0.000100543,0.001407601,0.000452443,0.000100543,0.14060929,0.003820631,5.03E-05,0.000150814,0.000251357,0,0,0.000452443,0,0,0,0.000201086,0.000100543,0.00447416,0,0.001005429,0,0,0,0,0.001960587,0,0.000301629,0,0,0,0.000201086,0,0,0,1.94,9.96,1.92,190.09,-1.31,0.51,228,0.511,1.41,8,5,7,93,1,99,0.091906475
77,445320,4433677,A,1,0,0,1,3,96,4,1,1,0,CARSCO,Cyperaceae,Graminoid,Sedge,Sedge,NA,105,NA,33,11,0.201306993,-0.089260619,3785.8,NA,NA,NA,NA,NA,NA,NA,NA,NA,NA,NA,NA,NA,NA,NA,NA,NA,NA,NA,NA,NA,NA,NA,NA,NA,NA,NA,NA,NA,NA,NA,NA,NA,NA,NA,NA,NA,NA,NA,NA,NA,NA,NA,NA,NA,NA,NA,NA,NA,NA,NA,NA,NA,NA,NA,NA,1.69,NA,NA,101.17,-2.19,0.54,235,NA,NA,NA,NA,1,99,3,97,NA
77,445320,4433677,A,0,1,0,1,4,95,5,1,1,0,FESBRA,Poaceae,Graminoid,Grass,Grass,NA,105,NA,33,11,0.201306993,-0.089260619,3785.8,NA,NA,NA,NA,NA,NA,NA,NA,NA,NA,NA,NA,NA,NA,NA,NA,NA,NA,NA,NA,NA,NA,NA,NA,NA,NA,NA,NA,NA,NA,NA,NA,NA,NA,NA,NA,NA,NA,NA,NA,NA,NA,NA,NA,NA,NA,NA,NA,NA,NA,NA,NA,NA,NA,NA,NA,1.69,NA,NA,101.17,-2.19,0.54,235,NA,NA,0,1,1,99,4,96,NA
77,445320,4433677,A,5,5,0,5,0,94,6,1,0,0,GEUROS,Rosaceae,Forb,Forb,Forb,NA,105,NA,33,11,0.201306993,-0.089260619,3785.8,NA,NA,NA,NA,NA,NA,NA,NA,NA,NA,NA,NA,NA,NA,NA,NA,NA,NA,NA,NA,NA,NA,NA,NA,NA,NA,NA,NA,NA,NA,NA,NA,NA,NA,NA,NA,NA,NA,NA,NA,NA,NA,NA,NA,NA,NA,NA,NA,NA,NA,NA,NA,NA,NA,NA,NA,1.69,NA,NA,101.17,-2.19,0.54,235,NA,NA,NA,NA,5,95,0,100,NA
79,445585,4433755,M,0,0,0,0,8,92,8,0,1,0,CARSCO,Cyperaceae,Graminoid,Sedge,Sedge,21,412,391,131,18,0.288563375,0.359870268,3739.8,160.336,1.01,70,32.959,19.64223875,2.262626263,0.39,1.85,4.44,29,22.81141818,619.6236277,203.4814831,203.9175149,2.191196757,112.7447194,NA,5.495810633,NA,0.02322695,0.010195035,0,0.001861702,0.001241135,0.000620567,0.002304965,0.217198582,0,0,0.00035461,0.000975177,0.000443262,0,0.000886525,0,0,0,0,0,0,0,0,0,0,0,0,8.87E-05,0,0.002039007,0,0,0,0,0,0.027039007,0,1.9,9.2,1.21,157.14,-3.25,0.44,228,0.18,1.03,5,1,0,100,8,92,0.097297297
79,445585,4433755,M,0,1,0,1,1,98,2,1,1,0,KOBMYO,Cyperaceae,Graminoid,Sedge,Sedge,21,412,391,131,18,0.288563375,0.359870268,3739.8,160.336,1.01,70,32.959,19.64223875,2.262626263,0.39,1.85,4.44,29,22.81141818,619.6236277,203.4814831,203.9175149,2.191196757,112.7447194,NA,5.495810633,NA,0.02322695,0.010195035,0,0.001861702,0.001241135,0.000620567,0.002304965,0.217198582,0,0,0.00035461,0.000975177,0.000443262,0,0.000886525,0,0,0,0,0,0,0,0,0,0,0,0,8.87E-05,0,0.002039007,0,0,0,0,0,0.027039007,0,1.9,9.2,1.21,157.14,-3.25,0.44,228,0.18,1.03,6,2,1,99,1,99,0.097297297
79,445585,4433755,M,6,3,0,6,7,87,13,1,1,0,SIBPRO,Asteraceae,Forb,Forb,Forb,21,412,391,131,18,0.288563375,0.359870268,3739.8,160.336,1.01,70,32.959,19.64223875,2.262626263,0.39,1.85,4.44,29,22.81141818,619.6236277,203.4814831,203.9175149,2.191196757,112.7447194,NA,5.495810633,NA,0.02322695,0.010195035,0,0.001861702,0.001241135,0.000620567,0.002304965,0.217198582,0,0,0.00035461,0.000975177,0.000443262,0,0.000886525,0,0,0,0,0,0,0,0,0,0,0,0,8.87E-05,0,0.002039007,0,0,0,0,0,0.027039007,0,1.9,9.2,1.21,157.14,-3.25,0.44,228,0.18,1.03,NA,NA,6,94,7,93,0.097297297
81,445778,4433723,M,4,0,0,4,0,96,4,1,0,0,CARPYR,Cyperaceae,Graminoid,Sedge,Sedge,67,129,62,41,9,0.189235164,-0.062639226,3706.4,245.467,2.04,54,9.996,21.34503983,1.563124437,0.01,2.41,5.24,0,4.593452212,135.3815665,40.40784931,40.49443755,0.680126122,26.15932554,353.1221724,5.175269763,0.074080099,0.000910548,0.026551573,0.001420455,0,0.000801282,0,0,0.047275641,0.001238345,0,0.005973193,3.64E-05,0,0,0,0,0,0,0,0,0,0,0,0,0,0,0,0.000218531,0,3.64E-05,0,0.000145688,3.64E-05,0,0,3.64E-05,0,1.5,23.03,3.07,223.83,-4.41,0.55,228,0.423,2.64,0,2,4,96,0,100,0.175518672
81,445778,4433723,M,0.5,0,0,0.5,0,100,0,1,0,0,KOBMYO,Cyperaceae,Graminoid,Sedge,Sedge,67,129,62,41,9,0.189235164,-0.062639226,3706.4,245.467,2.04,54,9.996,21.34503983,1.563124437,0.01,2.41,5.24,0,4.593452212,135.3815665,40.40784931,40.49443755,0.680126122,26.15932554,353.1221724,5.175269763,0.074080099,0.000910548,0.026551573,0.001420455,0,0.000801282,0,0,0.047275641,0.001238345,0,0.005973193,3.64E-05,0,0,0,0,0,0,0,0,0,0,0,0,0,0,0,0.000218531,0,3.64E-05,0,0.000145688,3.64E-05,0,0,3.64E-05,0,1.5,23.03,3.07,223.83,-4.41,0.55,228,0.423,2.64,0,2,1,99,0,100,0.175518672
84,446062,4433761,M,0.5,0,0,0.5,0,99.5,0.5,1,0,0,CARPYR,Cyperaceae,Graminoid,Sedge,Sedge,15,70,55,22,3,-0.04607071,-0.18665895,3636.6,334.524,12.36,46,420.885,42.94399608,4.436319234,4.65,7.6,4.19,54,4.300298671,77.95573388,19.75905724,18.40228654,0.409524262,13.93760109,279.8326794,5.593195944,0.04980691,0.005092086,0.065102556,0.0022843,0,4.76E-05,0.000761433,4.76E-05,0.017132251,0,0,0,4.76E-05,0,0,0,4.76E-05,0,0,0,0,0,0,0,0,0,0.000142769,0,0.000523485,0,0.000523485,0,0,4.76E-05,4.76E-05,0,0,0,1.13,14.35,1.1,322.12,-10.55,0.37,235,0.181,0.92,0,3,1,99,0,100,0.023815789
84,446062,4433761,M,9,0,0,9,0.5,91,9,1,1,0,UNKOPP,Unknown,Forb,Forb,Forb,15,70,55,22,3,-0.04607071,-0.18665895,3636.6,334.524,12.36,46,420.885,42.94399608,4.436319234,4.65,7.6,4.19,54,4.300298671,77.95573388,19.75905724,18.40228654,0.409524262,13.93760109,279.8326794,5.593195944,0.04980691,0.005092086,0.065102556,0.0022843,0,4.76E-05,0.000761433,4.76E-05,0.017132251,0,0,0,4.76E-05,0,0,0,4.76E-05,0,0,0,0,0,0,0,0,0,0.000142769,0,0.000523485,0,0.000523485,0,0,4.76E-05,4.76E-05,0,0,0,1.13,14.35,1.1,322.12,-10.55,0.37,235,0.181,0.92,0,2,9,91,1,99,0.023815789
89,446276,4433917,M,0,0,0,0,4,96,4,0,1,0,ANGGRA,Apiaceae,Forb,Forb,Forb,18,53,35,17,9,-0.129167764,-0.21842087,3637.7,225.845,1.01,61,171.16,33.26817655,5.295467163,3.57,5.24,4.35,37,NA,NA,NA,NA,NA,NA,NA,NA,NA,0.019534772,0.084750857,6.01E-05,0.000300535,0.000420749,0.000721284,0.062330949,0.055418645,0.000360642,6.01E-05,0.020496484,0.000300535,0,0,0,0.004928773,0,0,0,0,0,0,6.01E-05,0,0,0,0,0.000300535,0,0.011059686,0,0,0.000300535,6.01E-05,0,0,0,1.63,14.56,1.39,223.54,-9.34,0.5,235,0.293,1.1,3,2,0,100,4,96,0.055916031
89,446276,4433917,M,1,0,0,1,0,99,1,1,0,0,SENFRE,Asteraceae,Forb,Forb,Forb,18,53,35,17,9,-0.129167764,-0.21842087,3637.7,225.845,1.01,61,171.16,33.26817655,5.295467163,3.57,5.24,4.35,37,NA,NA,NA,NA,NA,NA,NA,NA,NA,0.019534772,0.084750857,6.01E-05,0.000300535,0.000420749,0.000721284,0.062330949,0.055418645,0.000360642,6.01E-05,0.020496484,0.000300535,0,0,0,0.004928773,0,0,0,0,0,0,6.01E-05,0,0,0,0,0.000300535,0,0.011059686,0,0,0.000300535,6.01E-05,0,0,0,1.63,14.56,1.39,223.54,-9.34,0.5,235,0.293,1.1,1,1,1,99,0,100,0.055916031
94,446469,4434083,M,70,20,0,70,0,26,74,1,0,0,CIRSCO,Asteraceae,Forb,Forb,Forb,13,33,20,11,6,-0.24604166,-0.100669181,3659.6,187.56,1.01,63,129.869,24.72222222,6.555555556,3.84,5.93,4.43,32,NA,NA,NA,NA,NA,NA,NA,NA,NA,0.007062924,0.06301596,0,4.59E-05,0.002797652,0.000596221,0.011465786,0.022197762,0.003072831,0.000412768,0.011878554,0.0008714,0,0,0,0,0,0,0.000183453,0,0,0,0,0,0,0.000137589,0,9.17E-05,0,0.001742799,0,0,0.000779673,4.59E-05,0,0,0,1.52,10.15,0.63,161.1,-5.15,0.46,229,0.301,0.33,1,1,70,30,0,100,0.050758853
94,446469,4434083,M,0,0,0,0,3,97,3,0,1,1,TRISPI,Poaceae,Graminoid,Grass,Grass,13,33,20,11,6,-0.24604166,-0.100669181,3659.6,187.56,1.01,63,129.869,24.72222222,6.555555556,3.84,5.93,4.43,32,NA,NA,NA,NA,NA,NA,NA,NA,NA,0.007062924,0.06301596,0,4.59E-05,0.002797652,0.000596221,0.011465786,0.022197762,0.003072831,0.000412768,0.011878554,0.0008714,0,0,0,0,0,0,0.000183453,0,0,0,0,0,0,0.000137589,0,9.17E-05,0,0.001742799,0,0,0.000779673,4.59E-05,0,0,0,1.52,10.15,0.63,161.1,-5.15,0.46,229,0.301,0.33,0,2,0,100,3,97,0.050758853
95,446548,4434163,D,0,0,0,0,4,96,4,0,1,0,AGRVAR,Poaceae,Graminoid,Grass,Grass,52,158,106,50,20,0.258635657,0.03235817,3691.3,109.354,6.38,89,89.867,59.52659574,9.255319149,20,0,5.33,NA,17.66429213,338.5461876,124.8662588,137.2714675,1.201502055,149.9062649,562.5821329,2.258385851,0.266461119,0.060530161,0.041327489,0,0,0.001043623,0,0,0.078689209,0,0.000834899,0.004174494,0,0.035691922,0,0.000208725,0,0.004591943,0,0,0,0,0,0.003965769,0,0,0,0,0,0,0.008975162,0,0,0,0,0,0,0,2.01,23.45,3.33,119.7,-4.73,0.75,229,0.562,2.77,1,2,0,100,4,96,NA
95,446548,4434163,D,2,0,0,2,1,97,3,1,1,0,ANGGRA,Apiaceae,Forb,Forb,Forb,52,158,106,50,20,0.258635657,0.03235817,3691.3,109.354,6.38,89,89.867,59.52659574,9.255319149,20,0,5.33,NA,17.66429213,338.5461876,124.8662588,137.2714675,1.201502055,149.9062649,562.5821329,2.258385851,0.266461119,0.060530161,0.041327489,0,0,0.001043623,0,0,0.078689209,0,0.000834899,0.004174494,0,0.035691922,0,0.000208725,0,0.004591943,0,0,0,0,0,0.003965769,0,0,0,0,0,0,0.008975162,0,0,0,0,0,0,0,2.01,23.45,3.33,119.7,-4.73,0.75,229,0.562,2.77,0,0,2,98,1,99,NA
95,446548,4434163,D,2,0,0,2,62,38,62,1,1,0,MERLAN,Boraginaceae,Forb,Forb,Forb,52,158,106,50,20,0.258635657,0.03235817,3691.3,109.354,6.38,89,89.867,59.52659574,9.255319149,20,0,5.33,NA,17.66429213,338.5461876,124.8662588,137.2714675,1.201502055,149.9062649,562.5821329,2.258385851,0.266461119,0.060530161,0.041327489,0,0,0.001043623,0,0,0.078689209,0,0.000834899,0.004174494,0,0.035691922,0,0.000208725,0,0.004591943,0,0,0,0,0,0.003965769,0,0,0,0,0,0,0.008975162,0,0,0,0,0,0,0,2.01,23.45,3.33,119.7,-4.73,0.75,229,0.562,2.77,NA,NA,2,98,62,38,NA
95,446548,4434163,D,3,0,0,3,55,45,55,1,1,0,SILACA,Caryophyllaceae,Forb,Forb,Forb,52,158,106,50,20,0.258635657,0.03235817,3691.3,109.354,6.38,89,89.867,59.52659574,9.255319149,20,0,5.33,NA,17.66429213,338.5461876,124.8662588,137.2714675,1.201502055,149.9062649,562.5821329,2.258385851,0.266461119,0.060530161,0.041327489,0,0,0.001043623,0,0,0.078689209,0,0.000834899,0.004174494,0,0.035691922,0,0.000208725,0,0.004591943,0,0,0,0,0,0.003965769,0,0,0,0,0,0,0.008975162,0,0,0,0,0,0,0,2.01,23.45,3.33,119.7,-4.73,0.75,229,0.562,2.77,4,1,3,97,55,45,NA
98,446442,4434291,D,27,18,0,27,1,68,32,1,1,1,ANTMED,Asteraceae,Forb,Forb,Forb,92,271,179,86,21,0.370212037,0.266283689,3811.2,196.654,3.09,64,150.956,79.60615002,8.577386068,3.51,5.71,5.29,106,4.232175045,92.98288635,15.25417344,28.35614631,0.47100811,20.89427337,195.5823144,4.450161281,0.106831098,0.033755896,0.065742925,0.000884434,7.37E-05,0.001252948,0.000737028,0.000737028,0.037883255,0.002800708,0.002727005,0.000737028,0.001474057,0,0,0,0.001989976,0,0.002137382,0,0,0.000368514,0,0.000442217,0,7.37E-05,0.000294811,0,0.000884434,0,0.008402123,0,0,0.000147406,0,0,0,0,2.05,16.57,1.21,154.2,-6.94,0.67,229,0.219,0.99,NA,NA,27,73,1,99,0.038353765
98,446442,4434291,D,3,0,0,3,1,96,4,1,1,0,CARHET,Cyperaceae,Graminoid,Sedge,Sedge,92,271,179,86,21,0.370212037,0.266283689,3811.2,196.654,3.09,64,150.956,79.60615002,8.577386068,3.51,5.71,5.29,106,4.232175045,92.98288635,15.25417344,28.35614631,0.47100811,20.89427337,195.5823144,4.450161281,0.106831098,0.033755896,0.065742925,0.000884434,7.37E-05,0.001252948,0.000737028,0.000737028,0.037883255,0.002800708,0.002727005,0.000737028,0.001474057,0,0,0,0.001989976,0,0.002137382,0,0,0.000368514,0,0.000442217,0,7.37E-05,0.000294811,0,0.000884434,0,0.008402123,0,0,0.000147406,0,0,0,0,2.05,16.57,1.21,154.2,-6.94,0.67,229,0.219,0.99,NA,NA,3,97,1,99,0.038353765
98,446442,4434291,D,0,0,0,0,2,98,2,0,1,0,GEUROS,Rosaceae,Forb,Forb,Forb,92,271,179,86,21,0.370212037,0.266283689,3811.2,196.654,3.09,64,150.956,79.60615002,8.577386068,3.51,5.71,5.29,106,4.232175045,92.98288635,15.25417344,28.35614631,0.47100811,20.89427337,195.5823144,4.450161281,0.106831098,0.033755896,0.065742925,0.000884434,7.37E-05,0.001252948,0.000737028,0.000737028,0.037883255,0.002800708,0.002727005,0.000737028,0.001474057,0,0,0,0.001989976,0,0.002137382,0,0,0.000368514,0,0.000442217,0,7.37E-05,0.000294811,0,0.000884434,0,0.008402123,0,0,0.000147406,0,0,0,0,2.05,16.57,1.21,154.2,-6.94,0.67,229,0.219,0.99,NA,NA,0,100,2,98,0.038353765
99,446449,4434260,D,19,0,0,19,0,81,19,1,0,0,ANTMED,Asteraceae,Forb,Forb,Forb,55,90,35,29,15,0.150777022,-0.127949655,3794.5,190.603,2.04,72,0.451,38.48846432,6.823563066,4,6.81,4.76,13,1.25573209,28.92259069,2.259643997,6.265499749,0.504933795,6.41295294,45.67198804,4.510026966,0.140413265,0.010758976,0.241550696,5.85E-05,0.000116945,0.000760145,0.000292363,0.002748217,0.019003625,0.000526254,0.000175418,0.000350836,0.001403345,0,0,0,0.001403345,0,0,0,0,0.001695708,0,0.000175418,0,5.85E-05,0,0,0.000233891,0,0.000701672,0,0,0.001344872,5.85E-05,0,0,0,1.94,25.18,3.49,156.34,-5.75,0.68,229,0.234,3.25,0,1,19,81,0,100,0.034361233
99,446449,4434260,D,6,4,0,6,3,91,9,1,1,0,DESCES,Poaceae,Graminoid,Grass,Grass,55,90,35,29,15,0.150777022,-0.127949655,3794.5,190.603,2.04,72,0.451,38.48846432,6.823563066,4,6.81,4.76,13,1.25573209,28.92259069,2.259643997,6.265499749,0.504933795,6.41295294,45.67198804,4.510026966,0.140413265,0.010758976,0.241550696,5.85E-05,0.000116945,0.000760145,0.000292363,0.002748217,0.019003625,0.000526254,0.000175418,0.000350836,0.001403345,0,0,0,0.001403345,0,0,0,0,0.001695708,0,0.000175418,0,5.85E-05,0,0,0.000233891,0,0.000701672,0,0,0.001344872,5.85E-05,0,0,0,1.94,25.18,3.49,156.34,-5.75,0.68,229,0.234,3.25,0,1,6,94,3,97,0.034361233
99,446449,4434260,D,0,0,0,0,0.5,99.5,0.5,0,1,0,FESBRA,Poaceae,Graminoid,Grass,Grass,55,90,35,29,15,0.150777022,-0.127949655,3794.5,190.603,2.04,72,0.451,38.48846432,6.823563066,4,6.81,4.76,13,1.25573209,28.92259069,2.259643997,6.265499749,0.504933795,6.41295294,45.67198804,4.510026966,0.140413265,0.010758976,0.241550696,5.85E-05,0.000116945,0.000760145,0.000292363,0.002748217,0.019003625,0.000526254,0.000175418,0.000350836,0.001403345,0,0,0,0.001403345,0,0,0,0,0.001695708,0,0.000175418,0,5.85E-05,0,0,0.000233891,0,0.000701672,0,0,0.001344872,5.85E-05,0,0,0,1.94,25.18,3.49,156.34,-5.75,0.68,229,0.234,3.25,1,5,0,100,1,99,0.034361233
101,446558,4434331,D,0,0,0,0,1,99,1,0,1,0,MINOBT,Caryophyllaceae,Forb,Forb,Forb,3,64,61,20,6,-0.043209756,-0.219259861,3798.6,186.165,5.26,54,304.09,52.70158527,6.479396084,2.86,4.69,5.43,5,1.991028052,30.15248133,1.917334533,6.958458201,0.461566159,5.920005989,49.85630921,5.093319396,0.118741361,0.002015054,0.196230664,0.005452498,0.000237065,0.005630297,0,0,0.072067801,0.000355598,0,5.93E-05,0,0,0,0,0,0,0,0,0,0,0,0,0,5.93E-05,0,0,0.000177799,0,0.006045161,0,0,0,0.000118533,0,0,0,1.42,17.57,1.91,174.14,-4.7,0.47,229,0.197,1.71,1,2,0,100,1,99,0.042004264
101,446558,4434331,D,0.5,0,0,0.5,0,99.5,0.5,1,0,0,SENFRE,Asteraceae,Forb,Forb,Forb,3,64,61,20,6,-0.043209756,-0.219259861,3798.6,186.165,5.26,54,304.09,52.70158527,6.479396084,2.86,4.69,5.43,5,1.991028052,30.15248133,1.917334533,6.958458201,0.461566159,5.920005989,49.85630921,5.093319396,0.118741361,0.002015054,0.196230664,0.005452498,0.000237065,0.005630297,0,0,0.072067801,0.000355598,0,5.93E-05,0,0,0,0,0,0,0,0,0,0,0,0,0,5.93E-05,0,0,0.000177799,0,0.006045161,0,0,0,0.000118533,0,0,0,1.42,17.57,1.91,174.14,-4.7,0.47,229,0.197,1.71,1,4,1,99,0,100,0.042004264
103,446666,4434351,D,6,0,0,6,0,94,6,1,0,0,ERISIM,Asteraceae,Forb,Forb,Forb,16,25,9,8,8,-0.33911903,-0.009571152,3784.7,169.23,1.01,65,102.949,29.33847936,5.090909091,3.96,5.26,4.7,86,3.716255652,117.6374103,15.47091159,19.37411739,0.181630944,18.36895732,124.2813431,6.404141958,0.147801407,0.004693262,0.055983909,0.005922449,0.000111744,0.001899654,0,0.012068388,0.068275785,0.00257012,0,0.000111744,0.000893955,0,0,0,0,0,0,0,0,0,0,0,0,0,0,0,0.004581517,0,0.007933847,0,0,0,0,0,0.001676165,0,1.59,41.47,7.17,147.93,-5.02,0.57,229,1.319,5.85,NA,NA,6,94,0,100,0.250760456
103,446666,4434351,D,3,0.5,0,3,21,76,24,1,1,0,FESBRA,Poaceae,Graminoid,Grass,Grass,16,25,9,8,8,-0.33911903,-0.009571152,3784.7,169.23,1.01,65,102.949,29.33847936,5.090909091,3.96,5.26,4.7,86,3.716255652,117.6374103,15.47091159,19.37411739,0.181630944,18.36895732,124.2813431,6.404141958,0.147801407,0.004693262,0.055983909,0.005922449,0.000111744,0.001899654,0,0.012068388,0.068275785,0.00257012,0,0.000111744,0.000893955,0,0,0,0,0,0,0,0,0,0,0,0,0,0,0,0.004581517,0,0.007933847,0,0,0,0,0,0.001676165,0,1.59,41.47,7.17,147.93,-5.02,0.57,229,1.319,5.85,2,3,3,97,21,79,0.250760456
103,446666,4434351,D,4,0.5,0,4,7,89,11,1,1,0,OXYDIG,Polygonaceae,Forb,Forb,Forb,16,25,9,8,8,-0.33911903,-0.009571152,3784.7,169.23,1.01,65,102.949,29.33847936,5.090909091,3.96,5.26,4.7,86,3.716255652,117.6374103,15.47091159,19.37411739,0.181630944,18.36895732,124.2813431,6.404141958,0.147801407,0.004693262,0.055983909,0.005922449,0.000111744,0.001899654,0,0.012068388,0.068275785,0.00257012,0,0.000111744,0.000893955,0,0,0,0,0,0,0,0,0,0,0,0,0,0,0,0.004581517,0,0.007933847,0,0,0,0,0,0.001676165,0,1.59,41.47,7.17,147.93,-5.02,0.57,229,1.319,5.85,NA,NA,4,96,7,93,0.250760456
104,446754,4434370,D,1,0,0,1,0,99,1,1,0,0,KOBMYO,Cyperaceae,Graminoid,Sedge,Sedge,113,236,123,75,19,0.338016246,0.291501583,3769.2,169.397,2.04,74,62.713,60.36931604,9.114925592,4.41,0,4.6,16,7.930088101,122.1857188,23.39462828,32.90613301,0.553007119,20.84131551,172.3032875,5.862668253,0.120957155,0.005540068,0.102403049,3.53E-05,0.000105861,0.051871979,0.000988038,0.000529306,0.039203924,0.003916864,0,0.000247009,0.001411482,0,7.06E-05,0,0.001093899,0,3.53E-05,0.000564593,0,0,0,0.000952751,0,0,0,0,0.003563993,0,0.017431808,0,0,0.000635167,0,0,0.004481457,0,1.69,24.93,4.12,169.47,0.49,0.46,229,0.639,3.48,3,1,1,99,0,100,NA
104,446754,4434370,D,0,0,0,0,0,100,0,0,0,0,TRIDAS,Fabaceae,Forb,Forb,N-fixer,113,236,123,75,19,0.338016246,0.291501583,3769.2,169.397,2.04,74,62.713,60.36931604,9.114925592,4.41,0,4.6,16,7.930088101,122.1857188,23.39462828,32.90613301,0.553007119,20.84131551,172.3032875,5.862668253,0.120957155,0.005540068,0.102403049,3.53E-05,0.000105861,0.051871979,0.000988038,0.000529306,0.039203924,0.003916864,0,0.000247009,0.001411482,0,7.06E-05,0,0.001093899,0,3.53E-05,0.000564593,0,0,0,0.000952751,0,0,0,0,0.003563993,0,0.017431808,0,0,0.000635167,0,0,0.004481457,0,1.69,24.93,4.12,169.47,0.49,0.46,229,0.639,3.48,4,3,0,100,0,100,NA
106,446847,4434413,D,0,0,0,0,1,99,1,0,1,0,FESBRA,Poaceae,Graminoid,Grass,Grass,68,163,95,52,14,0.331495933,0.127383374,3758.7,115.302,5.26,64,269.338,255.1466781,34.01707188,20.87,19.16,4.57,NA,5.448354324,108.5832963,34.38646047,30.7715654,0.411450034,21.89131924,168.6694633,4.96010748,0.129788278,0.005398539,0.019450619,0,0,0.000793903,0.001190854,0.000198476,0.209907907,0.005041283,7.94E-05,0.000793903,0.000476342,0,0,0,0,0,0,0,0.000277866,0,0,0.001667196,0,0,0,0,0.005874881,0,0.055692283,0,0,0,3.97E-05,0,0.022427755,0,1.8,48,7.61,153.69,5.64,0.68,229,1.726,5.88,NA,NA,0,100,1,99,0.090083507
106,446847,4434413,D,0,0,0,0,0,100,0,0,0,0,GEUROS,Rosaceae,Forb,Forb,Forb,68,163,95,52,14,0.331495933,0.127383374,3758.7,115.302,5.26,64,269.338,255.1466781,34.01707188,20.87,19.16,4.57,NA,5.448354324,108.5832963,34.38646047,30.7715654,0.411450034,21.89131924,168.6694633,4.96010748,0.129788278,0.005398539,0.019450619,0,0,0.000793903,0.001190854,0.000198476,0.209907907,0.005041283,7.94E-05,0.000793903,0.000476342,0,0,0,0,0,0,0,0.000277866,0,0,0.001667196,0,0,0,0,0.005874881,0,0.055692283,0,0,0,3.97E-05,0,0.022427755,0,1.8,48,7.61,153.69,5.64,0.68,229,1.726,5.88,0,0,0,100,0,100,0.090083507
106,446847,4434413,D,0,0,0,0,0,100,0,0,0,0,TRIDAS,Fabaceae,Forb,Forb,N-fixer,68,163,95,52,14,0.331495933,0.127383374,3758.7,115.302,5.26,64,269.338,255.1466781,34.01707188,20.87,19.16,4.57,NA,5.448354324,108.5832963,34.38646047,30.7715654,0.411450034,21.89131924,168.6694633,4.96010748,0.129788278,0.005398539,0.019450619,0,0,0.000793903,0.001190854,0.000198476,0.209907907,0.005041283,7.94E-05,0.000793903,0.000476342,0,0,0,0,0,0,0,0.000277866,0,0,0.001667196,0,0,0,0,0.005874881,0,0.055692283,0,0,0,3.97E-05,0,0.022427755,0,1.8,48,7.61,153.69,5.64,0.68,229,1.726,5.88,0,0,0,100,0,100,0.090083507
107,446757,4434336,D,0.5,0,0,0.5,0,99.5,0.5,1,0,0,MINOBT,Caryophyllaceae,Forb,Forb,Forb,21,83,62,26,11,0.012191061,-0.159149595,3755.2,234.616,5.26,67,11.368,30.49583194,3.701279231,3.8,4.71,4.67,0,0.404172428,9.77854444,0.707818344,2.683587992,0.425358998,1.74860736,22.31078351,5.592189913,0.078374987,0.001527517,0.007463012,0,0,0.006633789,0,0,0.061449832,0.001396587,0,0,0.00065465,0,0,0,0,0,0,4.36E-05,0,0,0,0,0,0,0,0,0,0,0.00013093,0.000305503,0,0.00065465,4.36E-05,0,0,0,1.42,14.58,1.67,192.31,-3.2,0.46,229,0.129,1.54,0,2,1,99,0,100,0.027388535
107,446757,4434336,D,0,0,0,0,0,100,0,0,0,0,OXYDIG,Polygonaceae,Forb,Forb,Forb,21,83,62,26,11,0.012191061,-0.159149595,3755.2,234.616,5.26,67,11.368,30.49583194,3.701279231,3.8,4.71,4.67,0,0.404172428,9.77854444,0.707818344,2.683587992,0.425358998,1.74860736,22.31078351,5.592189913,0.078374987,0.001527517,0.007463012,0,0,0.006633789,0,0,0.061449832,0.001396587,0,0,0.00065465,0,0,0,0,0,0,4.36E-05,0,0,0,0,0,0,0,0,0,0,0.00013093,0.000305503,0,0.00065465,4.36E-05,0,0,0,1.42,14.58,1.67,192.31,-3.2,0.46,229,0.129,1.54,1,1,0,100,0,100,0.027388535
107,446757,4434336,D,0,0,0,0,0,100,0,0,0,0,SENFRE,Asteraceae,Forb,Forb,Forb,21,83,62,26,11,0.012191061,-0.159149595,3755.2,234.616,5.26,67,11.368,30.49583194,3.701279231,3.8,4.71,4.67,0,0.404172428,9.77854444,0.707818344,2.683587992,0.425358998,1.74860736,22.31078351,5.592189913,0.078374987,0.001527517,0.007463012,0,0,0.006633789,0,0,0.061449832,0.001396587,0,0,0.00065465,0,0,0,0,0,0,4.36E-05,0,0,0,0,0,0,0,0,0,0,0.00013093,0.000305503,0,0.00065465,4.36E-05,0,0,0,1.42,14.58,1.67,192.31,-3.2,0.46,229,0.129,1.54,0,1,0,100,0,100,0.027388535
108,446703,4434318,D,12,1,0,12,0,88,12,1,0,0,CARPHA,Cyperaceae,Graminoid,Sedge,Sedge,NA,120,NA,38,20,0.205885347,-0.061555293,3759.2,NA,NA,NA,NA,NA,NA,NA,NA,NA,NA,NA,NA,NA,NA,NA,NA,NA,NA,NA,NA,NA,NA,NA,NA,NA,NA,NA,NA,NA,NA,NA,NA,NA,NA,NA,NA,NA,NA,NA,NA,NA,NA,NA,NA,NA,NA,NA,NA,NA,NA,NA,NA,NA,NA,NA,NA,2.04,NA,NA,163.09,-5.8,0.45,229,NA,NA,2,1,12,88,0,100,NA
108,446703,4434318,D,0,0,0,0,0,100,0,0,0,0,CARSPP,Cyperaceae,Graminoid,Sedge,Sedge,NA,120,NA,38,20,0.205885347,-0.061555293,3759.2,NA,NA,NA,NA,NA,NA,NA,NA,NA,NA,NA,NA,NA,NA,NA,NA,NA,NA,NA,NA,NA,NA,NA,NA,NA,NA,NA,NA,NA,NA,NA,NA,NA,NA,NA,NA,NA,NA,NA,NA,NA,NA,NA,NA,NA,NA,NA,NA,NA,NA,NA,NA,NA,NA,NA,NA,2.04,NA,NA,163.09,-5.8,0.45,229,NA,NA,4,3,0,100,0,100,NA
108,446703,4434318,D,4,3,0,4,2,97,3,1,1,0,GEUROS,Rosaceae,Forb,Forb,Forb,NA,120,NA,38,20,0.205885347,-0.061555293,3759.2,NA,NA,NA,NA,NA,NA,NA,NA,NA,NA,NA,NA,NA,NA,NA,NA,NA,NA,NA,NA,NA,NA,NA,NA,NA,NA,NA,NA,NA,NA,NA,NA,NA,NA,NA,NA,NA,NA,NA,NA,NA,NA,NA,NA,NA,NA,NA,NA,NA,NA,NA,NA,NA,NA,NA,NA,2.04,NA,NA,163.09,-5.8,0.45,229,NA,NA,NA,NA,4,96,2,98,NA
108,446703,4434318,D,0,0,0,0,30,70,30,0,1,0,TRISPI,Poaceae,Graminoid,Grass,Grass,NA,120,NA,38,20,0.205885347,-0.061555293,3759.2,NA,NA,NA,NA,NA,NA,NA,NA,NA,NA,NA,NA,NA,NA,NA,NA,NA,NA,NA,NA,NA,NA,NA,NA,NA,NA,NA,NA,NA,NA,NA,NA,NA,NA,NA,NA,NA,NA,NA,NA,NA,NA,NA,NA,NA,NA,NA,NA,NA,NA,NA,NA,NA,NA,NA,NA,2.04,NA,NA,163.09,-5.8,0.45,229,NA,NA,3,2,0,100,30,70,NA
109,446646,4434310,D,4,0,0,4,0,96,4,1,0,0,CARHET,Cyperaceae,Graminoid,Sedge,Sedge,32,123,91,39,14,0.196781859,-0.047839879,3763.8,179.827,2.04,70,12.759,51.79867069,8.422047241,4.33,6.4,4.58,5,0.881411465,33.43350236,4.438048717,4.912597302,0.616232388,4.86819343,62.72952759,6.867743207,0.077606091,0.009080156,0.034720289,0,3.48E-05,0.001774283,0,0.002052602,0.019969385,0.001182856,0.008349569,0.00010437,0,0,0,0,0.000347899,0,0,0,0.000765377,0,0,0,0,0,0,0,0,0,0.000382689,0,0,0,0,0,6.96E-05,0,1.89,31.37,2.57,159.6,-6.72,0.51,229,0.235,2.34,0,1,4,96,0,100,0.03671875
109,446646,4434310,D,12,4,0,12,1,87,13,1,1,0,CARPYR,Cyperaceae,Graminoid,Sedge,Sedge,32,123,91,39,14,0.196781859,-0.047839879,3763.8,179.827,2.04,70,12.759,51.79867069,8.422047241,4.33,6.4,4.58,5,0.881411465,33.43350236,4.438048717,4.912597302,0.616232388,4.86819343,62.72952759,6.867743207,0.077606091,0.009080156,0.034720289,0,3.48E-05,0.001774283,0,0.002052602,0.019969385,0.001182856,0.008349569,0.00010437,0,0,0,0,0.000347899,0,0,0,0.000765377,0,0,0,0,0,0,0,0,0,0.000382689,0,0,0,0,0,6.96E-05,0,1.89,31.37,2.57,159.6,-6.72,0.51,229,0.235,2.34,3,3,12,88,1,99,0.03671875
111,446537,4434292,D,20,0,0,20,2,78,22,1,1,0,CARALB,Cyperaceae,Graminoid,Sedge,Sedge,39,105,66,33,13,0.129876914,-0.098595304,3779.5,207.179,1.01,70,41.902,74.87739067,11.37218779,4.85,0,4.61,40,3.430679946,95.40948912,7.606409136,18.604489,0.469578598,11.8264395,100.8147326,8.067473657,0.117308643,0.001312944,0.144501081,0.000231696,0.000308928,0.003629904,0.000154464,0.000463392,0.06085882,0.000463392,0,0.000463392,0.000231696,0,0,0,0,0,0,0,0,0,0,0,0,0,0,0,0,0,0.001776336,0,0,0,0,0,0.002548656,0,1.81,14.89,2.19,181.99,-4.86,0.46,229,0.194,2,9,2,20,80,2,98,NA
111,446537,4434292,D,2,6,0,6,1,91,9,1,1,0,DESCES,Poaceae,Graminoid,Grass,Grass,39,105,66,33,13,0.129876914,-0.098595304,3779.5,207.179,1.01,70,41.902,74.87739067,11.37218779,4.85,0,4.61,40,3.430679946,95.40948912,7.606409136,18.604489,0.469578598,11.8264395,100.8147326,8.067473657,0.117308643,0.001312944,0.144501081,0.000231696,0.000308928,0.003629904,0.000154464,0.000463392,0.06085882,0.000463392,0,0.000463392,0.000231696,0,0,0,0,0,0,0,0,0,0,0,0,0,0,0,0,0,0.001776336,0,0,0,0,0,0.002548656,0,1.81,14.89,2.19,181.99,-4.86,0.46,229,0.194,2,1,1,6,94,1,99,NA
111,446537,4434292,D,1,10,0,10,0.5,90,10,1,1,0,SENFRE,Asteraceae,Forb,Forb,Forb,39,105,66,33,13,0.129876914,-0.098595304,3779.5,207.179,1.01,70,41.902,74.87739067,11.37218779,4.85,0,4.61,40,3.430679946,95.40948912,7.606409136,18.604489,0.469578598,11.8264395,100.8147326,8.067473657,0.117308643,0.001312944,0.144501081,0.000231696,0.000308928,0.003629904,0.000154464,0.000463392,0.06085882,0.000463392,0,0.000463392,0.000231696,0,0,0,0,0,0,0,0,0,0,0,0,0,0,0,0,0,0.001776336,0,0,0,0,0,0.002548656,0,1.81,14.89,2.19,181.99,-4.86,0.46,229,0.194,2,0,1,10,90,1,99,NA
112,446496,4434273,D,14,0,0,14,1,85,15,1,1,0,CARALB,Cyperaceae,Graminoid,Sedge,Sedge,54,122,68,39,14,0.224008855,-0.00917829,3778.7,190.418,3.09,74,117.042,46.23341614,6.487721314,3.52,5.7,4.73,64,6.251619466,131.7699839,22.95378508,42.76200762,0.449367397,46.00829357,166.420909,2.864048494,0.276457411,0.056056056,0.018018018,0,0,0,0,0,0.003003003,0,0.024024024,0.007007007,0,0,0,0,0,0,0,0,0,0,0,0,0,0,0,0,0,0,0,0,0,0,0,0,0,0,1.75,25.72,4.14,155.06,-6.66,0.6,229,0.29,3.85,5,2,14,86,1,99,0.050877193
112,446496,4434273,D,3,0,0,3,5,92,8,1,1,0,DESCES,Poaceae,Graminoid,Grass,Grass,54,122,68,39,14,0.224008855,-0.00917829,3778.7,190.418,3.09,74,117.042,46.23341614,6.487721314,3.52,5.7,4.73,64,6.251619466,131.7699839,22.95378508,42.76200762,0.449367397,46.00829357,166.420909,2.864048494,0.276457411,0.056056056,0.018018018,0,0,0,0,0,0.003003003,0,0.024024024,0.007007007,0,0,0,0,0,0,0,0,0,0,0,0,0,0,0,0,0,0,0,0,0,0,0,0,0,0,1.75,25.72,4.14,155.06,-6.66,0.6,229,0.29,3.85,2,2,3,97,5,95,0.050877193
112,446496,4434273,D,12,1,0,12,4,84,16,1,1,0,ERISIM,Asteraceae,Forb,Forb,Forb,54,122,68,39,14,0.224008855,-0.00917829,3778.7,190.418,3.09,74,117.042,46.23341614,6.487721314,3.52,5.7,4.73,64,6.251619466,131.7699839,22.95378508,42.76200762,0.449367397,46.00829357,166.420909,2.864048494,0.276457411,0.056056056,0.018018018,0,0,0,0,0,0.003003003,0,0.024024024,0.007007007,0,0,0,0,0,0,0,0,0,0,0,0,0,0,0,0,0,0,0,0,0,0,0,0,0,0,1.75,25.72,4.14,155.06,-6.66,0.6,229,0.29,3.85,6,2,12,88,4,96,0.050877193
113,446516,4434236,D,21,4,0,21,1,78,22,1,1,0,DESCES,Poaceae,Graminoid,Grass,Grass,131,305,174,97,23,0.330056198,0.249598701,3754.8,143.168,1.01,73,21.682,78.65656566,9.636363636,3.37,3.89,4.93,109,1.208253098,61.29028602,5.807172914,7.342461747,0.597813917,9.161562534,81.36268324,6.689938075,0.112601529,0.142542861,0.175694128,0.001213776,0.000151722,0.001213776,0,0.000682749,0.025792748,0.000303444,0,0.000531027,0.000303444,0,0.000151722,0.101577909,0.004627522,0,0,0.000151722,0,0,0,0,0,0,0,0,0,0,0.000606888,0,0,0.000303444,7.59E-05,0,0,0,2,19.14,2.18,128.7,-6.11,0.67,231,0.247,1.94,17,4,21,79,1,99,0.063496144
117,446713,4434274,D,5,2,0,5,0,93,7,1,0,0,ANTMED,Asteraceae,Forb,Forb,Forb,NA,257,NA,82,18,0.350298845,0.239173588,3727.9,NA,NA,NA,NA,NA,NA,NA,NA,NA,NA,NA,NA,NA,NA,NA,NA,NA,NA,NA,NA,NA,NA,NA,NA,NA,NA,NA,NA,NA,NA,NA,NA,NA,NA,NA,NA,NA,NA,NA,NA,NA,NA,NA,NA,NA,NA,NA,NA,NA,NA,NA,NA,NA,NA,NA,NA,1.91,NA,NA,152.8,-7.42,0.53,229,NA,NA,0,0,5,95,0,100,NA
117,446713,4434274,D,0,0,0,0,0,100,0,0,0,0,SILACA,Caryophyllaceae,Forb,Forb,Forb,NA,257,NA,82,18,0.350298845,0.239173588,3727.9,NA,NA,NA,NA,NA,NA,NA,NA,NA,NA,NA,NA,NA,NA,NA,NA,NA,NA,NA,NA,NA,NA,NA,NA,NA,NA,NA,NA,NA,NA,NA,NA,NA,NA,NA,NA,NA,NA,NA,NA,NA,NA,NA,NA,NA,NA,NA,NA,NA,NA,NA,NA,NA,NA,NA,NA,1.91,NA,NA,152.8,-7.42,0.53,229,NA,NA,4,2,0,100,0,100,NA
117,446713,4434274,D,0,2,0,2,1,97,3,1,1,0,TRISPI,Poaceae,Graminoid,Grass,Grass,NA,257,NA,82,18,0.350298845,0.239173588,3727.9,NA,NA,NA,NA,NA,NA,NA,NA,NA,NA,NA,NA,NA,NA,NA,NA,NA,NA,NA,NA,NA,NA,NA,NA,NA,NA,NA,NA,NA,NA,NA,NA,NA,NA,NA,NA,NA,NA,NA,NA,NA,NA,NA,NA,NA,NA,NA,NA,NA,NA,NA,NA,NA,NA,NA,NA,1.91,NA,NA,152.8,-7.42,0.53,229,NA,NA,2,1,2,98,1,99,NA
118,446770,4434302,D,1,0,0,1,9,91,9,1,1,1,OXYDIG,Polygonaceae,Forb,Forb,Forb,NA,46,NA,15,9,-0.20534656,-0.16634485,3734.9,NA,NA,NA,NA,NA,NA,NA,NA,NA,NA,NA,NA,NA,NA,NA,NA,NA,NA,NA,NA,NA,NA,NA,NA,NA,NA,NA,NA,NA,NA,NA,NA,NA,NA,NA,NA,NA,NA,NA,NA,NA,NA,NA,NA,NA,NA,NA,NA,NA,NA,NA,NA,NA,NA,NA,NA,1.41,NA,NA,198.1,-6.45,0.46,229,NA,NA,0,3,1,99,9,91,NA
118,446770,4434302,D,0,0,0,0,1,99,1,0,1,0,STEUMB,Caryophyllaceae,Forb,Forb,Forb,NA,46,NA,15,9,-0.20534656,-0.16634485,3734.9,NA,NA,NA,NA,NA,NA,NA,NA,NA,NA,NA,NA,NA,NA,NA,NA,NA,NA,NA,NA,NA,NA,NA,NA,NA,NA,NA,NA,NA,NA,NA,NA,NA,NA,NA,NA,NA,NA,NA,NA,NA,NA,NA,NA,NA,NA,NA,NA,NA,NA,NA,NA,NA,NA,NA,NA,1.41,NA,NA,198.1,-6.45,0.46,229,NA,NA,0,3,0,100,1,99,NA
119,446779,4434241,D,40,19,0,40,0,60,40,1,0,0,CARPHA,Cyperaceae,Graminoid,Sedge,Sedge,82,115,33,37,13,0.216510623,-0.083078719,3697.9,159.848,3.09,67,11.598,48.77835052,6.716494845,2.21,0,4.21,22,1.051908864,40.40563539,4.359484383,9.056805869,0.3183703,7.18545647,60.12379481,5.623252407,0.119511027,0.024353307,0.055050753,0.000818599,0.00016372,4.09E-05,0,0.008185986,0.039129011,0.000409299,0,0.006262279,0.000286509,0,0,0,0,0,0,0,0.004584152,0.000818599,0,0,0,0.00016372,0,0,0.00024558,0,0.010518991,0,0,0,0.00012279,0.00016372,0,0,1.77,17.1,2.44,154.19,-11.62,0.61,231,0.305,2.14,8,4,40,60,0,100,NA
119,446779,4434241,D,0,1,0,1,5,95,5,1,1,0,FESBRA,Poaceae,Graminoid,Grass,Grass,82,115,33,37,13,0.216510623,-0.083078719,3697.9,159.848,3.09,67,11.598,48.77835052,6.716494845,2.21,0,4.21,22,1.051908864,40.40563539,4.359484383,9.056805869,0.3183703,7.18545647,60.12379481,5.623252407,0.119511027,0.024353307,0.055050753,0.000818599,0.00016372,4.09E-05,0,0.008185986,0.039129011,0.000409299,0,0.006262279,0.000286509,0,0,0,0,0,0,0,0.004584152,0.000818599,0,0,0,0.00016372,0,0,0.00024558,0,0.010518991,0,0,0,0.00012279,0.00016372,0,0,1.77,17.1,2.44,154.19,-11.62,0.61,231,0.305,2.14,3,2,1,99,5,95,NA
119,446779,4434241,D,0,0,0,0,0.5,99.5,0.5,0,1,0,TRISPI,Poaceae,Graminoid,Grass,Grass,82,115,33,37,13,0.216510623,-0.083078719,3697.9,159.848,3.09,67,11.598,48.77835052,6.716494845,2.21,0,4.21,22,1.051908864,40.40563539,4.359484383,9.056805869,0.3183703,7.18545647,60.12379481,5.623252407,0.119511027,0.024353307,0.055050753,0.000818599,0.00016372,4.09E-05,0,0.008185986,0.039129011,0.000409299,0,0.006262279,0.000286509,0,0,0,0,0,0,0,0.004584152,0.000818599,0,0,0,0.00016372,0,0,0.00024558,0,0.010518991,0,0,0,0.00012279,0.00016372,0,0,1.77,17.1,2.44,154.19,-11.62,0.61,231,0.305,2.14,3,3,0,100,1,99,NA
120,446748,4434159,D,15,1,0,15,2,83,17,1,1,0,AQUCOE,Ranunculaceae,Forb,Forb,Forb,132,171,39,54,27,0.284770594,0.146125599,3656.4,88.3431,16.28,70,354.478,44.79812431,6.994374728,15.11,15.26,5.28,NA,42.29635299,724.8749582,238.388698,276.7897449,1.214362653,62.60998827,497.4117547,11.57762488,0.125871549,0.013543381,0.045708911,0,0,0.00409123,0,0.002163179,0.042793322,0.001175641,0,0.000188103,0.000188103,0.003385845,0,0.000705384,0.000470256,0.000799436,0,0,9.41E-05,0,0,0.000188103,0,0,0,0,9.41E-05,0,0.006959793,0,0,0,0,0,0.000141077,0,2.16,34.08,4.46,97.89,-6.09,0.9,231,1.061,3.4,3,1,15,85,2,98,0.069528178
120,446748,4434159,D,0,0,0,0,0,100,0,0,0,0,TRIDAS,Fabaceae,Forb,Forb,N-fixer,132,171,39,54,27,0.284770594,0.146125599,3656.4,88.3431,16.28,70,354.478,44.79812431,6.994374728,15.11,15.26,5.28,NA,42.29635299,724.8749582,238.388698,276.7897449,1.214362653,62.60998827,497.4117547,11.57762488,0.125871549,0.024633993,0.068407272,0.001843862,0,0.002249511,0,0.001106317,0.034627724,0.000774422,0.00066379,0.022163219,0.000110632,0.003385845,0,0.000705384,0.000470256,0.000799436,0,0,9.41E-05,0,0,0.000188103,0,0,0,0,9.41E-05,0,0.006959793,0,0,0,0,0,0.000141077,0,2.16,34.08,4.46,97.89,-6.09,0.9,231,1.061,3.4,6,2,0,100,0,100,0.069528178
123,446859,4434292,D,0,1,0,1,0,99,1,1,0,0,CARPYR,Cyperaceae,Graminoid,Sedge,Sedge,16,20,4,6,3,-0.409757353,0.116151824,3709.5,283.281,1.01,81,3.894,32.90909091,6.601010101,5.97,9.44,3.91,8,0.890405934,24.24790322,2.10570732,5.637482272,0.240817215,4.943414763,57.71888198,4.9050918,0.085646405,0,0.128443055,0,0,0.000390701,0.000195351,0,0.043856222,0.020511819,0,0.000879078,0.001367455,0,0,0,0,0,0,0,0,0,0,0,0.000293026,0,0,0,0.000293026,0,0.000293026,0,0,0.000195351,0,0,0,0,0.95,17.45,3.05,239.74,-4.97,0.4,231,0.766,2.28,0,2,1,99,0,100,0.081144068
124,446820,4434279,D,5,0,0,5,0,95,5,1,0,0,CARPER,Cyperaceae,Graminoid,Sedge,Sedge,43,77,34,25,12,0.018920339,-0.164207897,3712.7,242.676,1.01,79,21.419,61.44444444,7.267676768,4.87,5.41,4.42,6,3.286907962,43.29669537,5.81714276,13.80650334,0.235152446,12.23706407,115.6918156,3.538160389,0.105772945,0.000374532,0.128089888,0,0,0.005243446,0.000749064,0,0.07340824,0.010674157,0,0,0,0,0,0,0,0,0,0,0,0,0,0,0,0,0,0,0,0,0.000561798,0,0,0,0.000187266,0,0,0,1.78,20,2.94,214.08,-3.56,0.39,231,0.357,2.58,1,4,5,95,0,100,0.065988909
124,446820,4434279,D,0,0.5,0,0.5,0,99.5,0.5,1,0,0,CARPYR,Cyperaceae,Graminoid,Sedge,Sedge,43,77,34,25,12,0.018920339,-0.164207897,3712.7,242.676,1.01,79,21.419,61.44444444,7.267676768,4.87,5.41,4.42,6,3.286907962,43.29669537,5.81714276,13.80650334,0.235152446,12.23706407,115.6918156,3.538160389,0.105772945,0.000374532,0.128089888,0,0,0.005243446,0.000749064,0,0.07340824,0.010674157,0,0,0,0,0,0,0,0,0,0,0,0,0,0,0,0,0,0,0,0,0.000561798,0,0,0,0.000187266,0,0,0,1.78,20,2.94,214.08,-3.56,0.39,231,0.357,2.58,0,2,1,99,0,100,0.065988909
124,446820,4434279,D,0,0,0,0,0,100,0,0,0,0,TRISPI,Poaceae,Graminoid,Grass,Grass,43,77,34,25,12,0.018920339,-0.164207897,3712.7,242.676,1.01,79,21.419,61.44444444,7.267676768,4.87,5.41,4.42,6,3.286907962,43.29669537,5.81714276,13.80650334,0.235152446,12.23706407,115.6918156,3.538160389,0.105772945,0.000374532,0.128089888,0,0,0.005243446,0.000749064,0,0.07340824,0.010674157,0,0,0,0,0,0,0,0,0,0,0,0,0,0,0,0,0,0,0,0,0.000561798,0,0,0,0.000187266,0,0,0,1.78,20,2.94,214.08,-3.56,0.39,231,0.357,2.58,2,3,0,100,0,100,0.065988909
126,446725,4434250,D,1,1,0,1,0,98,2,1,0,0,FESBRA,Poaceae,Graminoid,Grass,Grass,148,296,148,94,14,0.37393761,0.319518395,3711.3,142.455,2.04,58,98.281,56.66836735,8.918367347,5.69,9.67,4.73,NA,23.42295121,787.9970489,385.8034443,416.8740615,0.707538564,572.5600007,1743.991065,1.37626982,0.328304435,NA,NA,NA,NA,NA,NA,NA,NA,NA,NA,NA,NA,NA,NA,NA,NA,NA,NA,NA,NA,NA,NA,NA,NA,NA,NA,NA,NA,NA,NA,NA,NA,NA,NA,NA,NA,NA,1.64,26.33,2.93,138.76,-9.33,0.68,231,0.373,2.55,0,0,1,99,0,100,0.038572906
126,446725,4434250,D,1,5,0,5,20,74,26,1,1,0,GEUROS,Rosaceae,Forb,Forb,Forb,148,296,148,94,14,0.37393761,0.319518395,3711.3,142.455,2.04,58,98.281,56.66836735,8.918367347,5.69,9.67,4.73,NA,23.42295121,787.9970489,385.8034443,416.8740615,0.707538564,572.5600007,1743.991065,1.37626982,0.328304435,NA,NA,NA,NA,NA,NA,NA,NA,NA,NA,NA,NA,NA,NA,NA,NA,NA,NA,NA,NA,NA,NA,NA,NA,NA,NA,NA,NA,NA,NA,NA,NA,NA,NA,NA,NA,NA,1.64,26.33,2.93,138.76,-9.33,0.68,231,0.373,2.55,NA,NA,5,95,20,80,0.038572906
127,446673,4434240,D,0,0,0,0,0.5,99.5,0.5,0,1,0,MINOBT,Caryophyllaceae,Forb,Forb,Forb,20,48,28,15,7,-0.145332703,-0.198894126,3713.2,124.923,1.01,52,2.641,48.73232323,6.383838384,3.3,6.13,4.77,14,3.233857162,119.9936787,11.25672862,31.80550943,0.471837836,44.24627634,265.9415114,2.711949764,0.166375968,0.002054054,0.114378378,0,0,0.007135135,0.000324324,0,0.071891892,0.000108108,0,0.000972973,0.00227027,0,0,0,0,0,0.000108108,0,0,0,0,0.000216216,0,0,0,0,0,0,0.010378378,0,0,0.00227027,0,0,0,0,1.62,21.08,2.74,149.35,-7.22,0.57,231,0.336,2.4,2,3,0,100,1,99,0.054812398
127,446673,4434240,D,0,7,0,7,60,33,67,1,1,0,TRISPI,Poaceae,Graminoid,Grass,Grass,20,48,28,15,7,-0.145332703,-0.198894126,3713.2,124.923,1.01,52,2.641,48.73232323,6.383838384,3.3,6.13,4.77,14,3.233857162,119.9936787,11.25672862,31.80550943,0.471837836,44.24627634,265.9415114,2.711949764,0.166375968,0.002054054,0.114378378,0,0,0.007135135,0.000324324,0,0.071891892,0.000108108,0,0.000972973,0.00227027,0,0,0,0,0,0.000108108,0,0,0,0,0.000216216,0,0,0,0,0,0,0.010378378,0,0,0.00227027,0,0,0,0,1.62,21.08,2.74,149.35,-7.22,0.57,231,0.336,2.4,NA,NA,7,93,60,40,0.054812398
128,446628,4434229,D,72,31,13,72,1,27,73,1,1,0,BESALP,Scrophulariaceae,Forb,Forb,Forb,30,41,11,13,8,-0.186359777,-0.134177802,3710.3,123.506,1.01,73,100,118.459596,11.97474747,3.65,7.52,4.95,30,1.103302957,38.99391568,4.638171353,12.79869848,0.246088944,5.544199414,95.02318319,7.033281592,0.058345756,0.000948407,0.211494689,0.000189681,0.000569044,0,0.000189681,0.018968134,0.043626707,0.000379363,0.002465857,0,0.000379363,0,0,0,0,0,0,0,0,0,0,0,0,0,0,0,0,0,0.003034901,0,0,0.000379363,0,0,0,0,1.53,15.8,2.27,147.47,-4.49,0.53,231,0.261,2.01,5,2,72,28,1,99,0.034707447
128,446628,4434229,D,14,2,0,14,0,84,16,1,0,0,CARALB,Cyperaceae,Graminoid,Sedge,Sedge,30,41,11,13,8,-0.186359777,-0.134177802,3710.3,123.506,1.01,73,100,118.459596,11.97474747,3.65,7.52,4.95,30,1.103302957,38.99391568,4.638171353,12.79869848,0.246088944,5.544199414,95.02318319,7.033281592,0.058345756,0.000948407,0.211494689,0.000189681,0.000569044,0,0.000189681,0.018968134,0.043626707,0.000379363,0.002465857,0,0.000379363,0,0,0,0,0,0,0,0,0,0,0,0,0,0,0,0,0,0.003034901,0,0,0.000379363,0,0,0,0,1.53,15.8,2.27,147.47,-4.49,0.53,231,0.261,2.01,0,1,14,86,0,100,0.034707447
128,446628,4434229,D,0,1,0,1,15,84,16,1,1,0,FESBRA,Poaceae,Graminoid,Grass,Grass,30,41,11,13,8,-0.186359777,-0.134177802,3710.3,123.506,1.01,73,100,118.459596,11.97474747,3.65,7.52,4.95,30,1.103302957,38.99391568,4.638171353,12.79869848,0.246088944,5.544199414,95.02318319,7.033281592,0.058345756,0.000948407,0.211494689,0.000189681,0.000569044,0,0.000189681,0.018968134,0.043626707,0.000379363,0.002465857,0,0.000379363,0,0,0,0,0,0,0,0,0,0,0,0,0,0,0,0,0,0.003034901,0,0,0.000379363,0,0,0,0,1.53,15.8,2.27,147.47,-4.49,0.53,231,0.261,2.01,1,3,1,99,15,85,0.034707447
129,446567,4434213,D,16,52,0,52,0,44,56,1,0,0,ANGGRA,Apiaceae,Forb,Forb,Forb,17,151,134,48,17,0.275569835,0.021301533,3711.3,114.034,5.26,78,82.079,48.68421053,4.747368421,2.75,4.51,6.2,54,1.259685337,51.56670085,3.59854487,7.667394766,0.437031699,7.809857886,38.38944184,6.602770704,0.203437651,0.035077289,0.137782402,0.000148633,0.000148633,0.000297265,0.000148633,0.001486326,0.056926278,0.000148633,0.000445898,0,0.001337693,0,0,0,0,0,0,0,0.004161712,0.000445898,0,0.001337693,0,0,0,0,0,0,0.02363258,0,0,0.000297265,0.000148633,0,0,0.000148633,1.95,10.8,3.8,127.83,-6.02,0.61,231,0.363,3.43,7,4,52,48,0,100,0.080487805
129,446567,4434213,D,18,7,0,18,0,80,20,1,0,0,DESCES,Poaceae,Graminoid,Grass,Grass,17,151,134,48,17,0.275569835,0.021301533,3711.3,114.034,5.26,78,82.079,48.68421053,4.747368421,2.75,4.51,6.2,54,1.259685337,51.56670085,3.59854487,7.667394766,0.437031699,7.809857886,38.38944184,6.602770704,0.203437651,0.035077289,0.137782402,0.000148633,0.000148633,0.000297265,0.000148633,0.001486326,0.056926278,0.000148633,0.000445898,0,0.001337693,0,0,0,0,0,0,0,0.004161712,0.000445898,0,0.001337693,0,0,0,0,0,0,0.02363258,0,0,0.000297265,0.000148633,0,0,0.000148633,1.95,10.8,3.8,127.83,-6.02,0.61,231,0.363,3.43,10,5,18,82,0,100,0.080487805
129,446567,4434213,D,0.5,0,0,0.5,13,87,13,1,1,0,FESBRA,Poaceae,Graminoid,Grass,Grass,17,151,134,48,17,0.275569835,0.021301533,3711.3,114.034,5.26,78,82.079,48.68421053,4.747368421,2.75,4.51,6.2,54,1.259685337,51.56670085,3.59854487,7.667394766,0.437031699,7.809857886,38.38944184,6.602770704,0.203437651,0.035077289,0.137782402,0.000148633,0.000148633,0.000297265,0.000148633,0.001486326,0.056926278,0.000148633,0.000445898,0,0.001337693,0,0,0,0,0,0,0,0.004161712,0.000445898,0,0.001337693,0,0,0,0,0,0,0.02363258,0,0,0.000297265,0.000148633,0,0,0.000148633,1.95,10.8,3.8,127.83,-6.02,0.61,231,0.363,3.43,3,5,1,99,13,87,0.080487805
132,446738,4434219,D,30,25,0,30,0,69,31,1,0,0,GEUROS,Rosaceae,Forb,Forb,Forb,204,762,558,243,20,0.235853595,0.427641037,3693.5,117.004,3.09,74,102.454,47.34536082,6.402061856,4.45,5.39,5,118,14.56000486,307.7712463,76.05023128,155.1708478,1.326134795,112.4293986,437.4476381,2.737462355,0.257012243,0.029399552,0.048500955,0,0,0.003155884,0,0.001328793,0.044431526,0.000415248,0.001245744,0.000332198,0.000581347,0.01984885,0,8.30E-05,0,0,0.000415248,0,0,0,0,0.00398638,0,0,0,0,0,0.001079645,0.017938709,0,0,0,8.30E-05,0,0.034631675,0,1.8,44.14,4.99,130.45,-11.45,0.86,231,0.768,4.22,6,3,30,70,0,100,0.142486085
132,446738,4434219,D,3,0,0,3,4,93,7,1,1,0,KOBMYO,Cyperaceae,Graminoid,Sedge,Sedge,204,762,558,243,20,0.235853595,0.427641037,3693.5,117.004,3.09,74,102.454,47.34536082,6.402061856,4.45,5.39,5,118,14.56000486,307.7712463,76.05023128,155.1708478,1.326134795,112.4293986,437.4476381,2.737462355,0.257012243,0.029399552,0.048500955,0,0,0.003155884,0,0.001328793,0.044431526,0.000415248,0.001245744,0.000332198,0.000581347,0.01984885,0,8.30E-05,0,0,0.000415248,0,0,0,0,0.00398638,0,0,0,0,0,0.001079645,0.017938709,0,0,0,8.30E-05,0,0.034631675,0,1.8,44.14,4.99,130.45,-11.45,0.86,231,0.768,4.22,NA,NA,3,97,4,96,0.142486085
132,446738,4434219,D,10,1,0,10,12,81,19,1,1,0,LLOSER,Liliaceae,Forb,Forb,Forb,204,762,558,243,20,0.235853595,0.427641037,3693.5,117.004,3.09,74,102.454,47.34536082,6.402061856,4.45,5.39,5,118,14.56000486,307.7712463,76.05023128,155.1708478,1.326134795,112.4293986,437.4476381,2.737462355,0.257012243,0.029399552,0.048500955,0,0,0.003155884,0,0.001328793,0.044431526,0.000415248,0.001245744,0.000332198,0.000581347,0.01984885,0,8.30E-05,0,0,0.000415248,0,0,0,0,0.00398638,0,0,0,0,0,0.001079645,0.017938709,0,0,0,8.30E-05,0,0.034631675,0,1.8,44.14,4.99,130.45,-11.45,0.86,231,0.768,4.22,NA,NA,10,90,12,88,0.142486085
133,446659,4434147,D,0,0,0,0,40,60,40,0,1,0,FESBRA,Poaceae,Graminoid,Grass,Grass,118,148,30,47,14,0.283516263,0.047950423,3656.9,102.357,1.01,70,186.882,36.10511617,5.222222222,3.56,3.94,5.28,43,2.350606033,113.9206035,25.51987776,24.84602092,0.548551612,23.18208292,181.295351,4.914165992,0.127869153,0.007161387,0.108736161,0,0.000182688,0.00094998,0.000146151,0.009097884,0.07888487,0.01074208,0,0.000219226,0.001351894,0.00094998,0,7.31E-05,0,0,7.31E-05,0,0,0,0,0.000365377,0,0,0,0,0.000292302,0,0.023822573,0,0,0.000109613,0.000109613,0,7.31E-05,0,1.9,16.59,2.74,113.55,-2.88,0.79,231,0.46,2.28,4,2,0,100,40,60,0.116751269
133,446659,4434147,D,0,0,0,0,0,100,0,0,0,0,KOBMYO,Cyperaceae,Graminoid,Sedge,Sedge,118,148,30,47,14,0.283516263,0.047950423,3656.9,102.357,1.01,70,186.882,36.10511617,5.222222222,3.56,3.94,5.28,43,2.350606033,113.9206035,25.51987776,24.84602092,0.548551612,23.18208292,181.295351,4.914165992,0.127869153,0.007161387,0.108736161,0,0.000182688,0.00094998,0.000146151,0.009097884,0.07888487,0.01074208,0,0.000219226,0.001351894,0.00094998,0,7.31E-05,0,0,7.31E-05,0,0,0,0,0.000365377,0,0,0,0,0.000292302,0,0.023822573,0,0,0.000109613,0.000109613,0,7.31E-05,0,1.9,16.59,2.74,113.55,-2.88,0.79,231,0.46,2.28,0,3,0,100,0,100,0.116751269
133,446659,4434147,D,27,2,0,27,0,73,27,1,0,0,LUZSPI,Juncaceae,Graminoid,Rush,Rush,118,148,30,47,14,0.283516263,0.047950423,3656.9,102.357,1.01,70,186.882,36.10511617,5.222222222,3.56,3.94,5.28,43,2.350606033,113.9206035,25.51987776,24.84602092,0.548551612,23.18208292,181.295351,4.914165992,0.127869153,0.007161387,0.108736161,0,0.000182688,0.00094998,0.000146151,0.009097884,0.07888487,0.01074208,0,0.000219226,0.001351894,0.00094998,0,7.31E-05,0,0,7.31E-05,0,0,0,0,0.000365377,0,0,0,0,0.000292302,0,0.023822573,0,0,0.000109613,0.000109613,0,7.31E-05,0,1.9,16.59,2.74,113.55,-2.88,0.79,231,0.46,2.28,11,4,27,73,0,100,0.116751269
133,446659,4434147,D,4,4,0,4,0,96,4,1,0,0,OREALP,Apiaceae,Forb,Forb,Forb,118,148,30,47,14,0.283516263,0.047950423,3656.9,102.357,1.01,70,186.882,36.10511617,5.222222222,3.56,3.94,5.28,43,2.350606033,113.9206035,25.51987776,24.84602092,0.548551612,23.18208292,181.295351,4.914165992,0.127869153,0.007161387,0.108736161,0,0.000182688,0.00094998,0.000146151,0.009097884,0.07888487,0.01074208,0,0.000219226,0.001351894,0.00094998,0,7.31E-05,0,0,7.31E-05,0,0,0,0,0.000365377,0,0,0,0,0.000292302,0,0.023822573,0,0,0.000109613,0.000109613,0,7.31E-05,0,1.9,16.59,2.74,113.55,-2.88,0.79,231,0.46,2.28,5,3,4,96,0,100,0.116751269
135,445126,4433628,D,0,0,0,0,3,97,3,0,1,0,FESBRA,Poaceae,Graminoid,Grass,Grass,41,115,74,37,12,0.213447068,-0.106751115,3844,234.996,2.04,86,142.056,31.54115839,5.469387755,5.98,10.02,4.51,5,0.643239844,11.77673967,1.211516583,2.445384595,0.189179695,2.445354914,28.555046,4.815963361,0.085636525,0.002747637,0.077492665,0,0,0.001769664,0.000558841,0,0.069249756,0.004424161,0,0.00013971,0.000838262,0,0,0,0.002095655,0,0,0,0,0,0,0,0,0,0,0,0.000325991,0,9.31E-05,0,0,0.00013971,0.00018628,0,0,0,1.46,16.88,1.83,183.27,-2.29,0.46,235,0.181,1.65,0,2,0,100,3,97,0.018063872
136,445122,4433632,D,0,0,0,0,0,100,0,0,0,0,FESBRA,Poaceae,Graminoid,Grass,Grass,40,191,151,61,10,0.322465402,0.08464479,3844,227.495,1.01,78,109.104,26.56612127,4.918167264,3.27,5.07,4.2,56,0.949633387,20.96069964,2.191617415,4.230897701,0.147228285,3.985718493,42.47483139,5.258951348,0.093837182,0.010452115,0.166882731,0,0.000108032,0.002457732,0.000189056,5.40E-05,0.042159564,0.003294982,0,0.003673095,0.000918274,0,0,0,5.40E-05,0,0,0,0,0,0,0,0,5.40E-05,5.40E-05,0,0.000378113,0,0.000999298,8.10E-05,0,0.000243072,5.40E-05,0,0.000351105,0,1.31,13.09,2.17,179.52,-1.69,0.45,235,0.483,1.68,1,2,0,100,0,100,0.095266272
136,445122,4433632,D,2,0,0,2,13,85,15,1,1,0,TRISPI,Poaceae,Graminoid,Grass,Grass,40,191,151,61,10,0.322465402,0.08464479,3844,227.495,1.01,78,109.104,26.56612127,4.918167264,3.27,5.07,4.2,56,0.949633387,20.96069964,2.191617415,4.230897701,0.147228285,3.985718493,42.47483139,5.258951348,0.093837182,0.010452115,0.166882731,0,0.000108032,0.002457732,0.000189056,5.40E-05,0.042159564,0.003294982,0,0.003673095,0.000918274,0,0,0,5.40E-05,0,0,0,0,0,0,0,0,5.40E-05,5.40E-05,0,0.000378113,0,0.000999298,8.10E-05,0,0.000243072,5.40E-05,0,0.000351105,0,1.31,13.09,2.17,179.52,-1.69,0.45,235,0.483,1.68,0,1,2,98,13,87,0.095266272
137,445126,4433621,D,45,4,0,45,0,52,48,1,0,0,ANTMED,Asteraceae,Forb,Forb,Forb,24,90,66,29,9,0.137418457,-0.165748973,3842.5,248.508,7.53,60,172.278,23.24358137,3.625272488,2.43,3.46,4.27,2,0.301975035,7.632628956,0.511099188,1.078574531,0.084385174,1.777328402,30.65648269,4.29443931,0.057975614,0.016507704,0.076791392,0,0,0.000366838,6.11E-05,6.11E-05,0.02732942,0.000427978,0,0,0.000244559,6.11E-05,0,0,0,0,0.01540719,0.000672536,0,0,0,0.000672536,0,0,0,0,0.000183419,0,0.000122279,0,0,0.000244559,0.000305698,0,0,0,1.48,15.6,1.98,194.47,-2.61,0.45,231,0.177,1.81,NA,NA,45,55,0,100,0.051156069
137,445126,4433621,D,0,0.5,0,0.5,9,91,9,1,1,0,FESBRA,Poaceae,Graminoid,Grass,Grass,24,90,66,29,9,0.137418457,-0.165748973,3842.5,248.508,7.53,60,172.278,23.24358137,3.625272488,2.43,3.46,4.27,2,0.301975035,7.632628956,0.511099188,1.078574531,0.084385174,1.777328402,30.65648269,4.29443931,0.057975614,0.016507704,0.076791392,0,0,0.000366838,6.11E-05,6.11E-05,0.02732942,0.000427978,0,0,0.000244559,6.11E-05,0,0,0,0,0.01540719,0.000672536,0,0,0,0.000672536,0,0,0,0,0.000183419,0,0.000122279,0,0,0.000244559,0.000305698,0,0,0,1.48,15.6,1.98,194.47,-2.61,0.45,235,0.177,1.81,0,1,1,99,9,91,0.051156069
137,445126,4433621,D,2,0,0,2,1,97,3,1,1,0,POASPP,Poaceae,Graminoid,Grass,Grass,24,90,66,29,9,0.137418457,-0.165748973,3842.5,248.508,7.53,60,172.278,23.24358137,3.625272488,2.43,3.46,4.27,2,0.301975035,7.632628956,0.511099188,1.078574531,0.084385174,1.777328402,30.65648269,4.29443931,0.057975614,0.016507704,0.076791392,0,0,0.000366838,6.11E-05,6.11E-05,0.02732942,0.000427978,0,0,0.000244559,6.11E-05,0,0,0,0,0.01540719,0.000672536,0,0,0,0.000672536,0,0,0,0,0.000183419,0,0.000122279,0,0,0.000244559,0.000305698,0,0,0,1.48,15.6,1.98,194.47,-2.61,0.45,235,0.177,1.81,0,0,2,98,1,99,0.051156069
137,445126,4433621,D,3,14,0,14,10,78,22,1,1,0,TRISPI,Poaceae,Graminoid,Grass,Grass,24,90,66,29,9,0.137418457,-0.165748973,3842.5,248.508,7.53,60,172.278,23.24358137,3.625272488,2.43,3.46,4.27,2,0.301975035,7.632628956,0.511099188,1.078574531,0.084385174,1.777328402,30.65648269,4.29443931,0.057975614,0.016507704,0.076791392,0,0,0.000366838,6.11E-05,6.11E-05,0.02732942,0.000427978,0,0,0.000244559,6.11E-05,0,0,0,0,0.01540719,0.000672536,0,0,0,0.000672536,0,0,0,0,0.000183419,0,0.000122279,0,0,0.000244559,0.000305698,0,0,0,1.48,15.6,1.98,194.47,-2.61,0.45,235,0.177,1.81,1,2,14,86,10,90,0.051156069
139,445141,4433634,D,0,0,0,0,3,97,3,0,1,0,FESBRA,Poaceae,Graminoid,Grass,Grass,38,210,172,67,9,0.330193377,0.114691637,3832.4,209.584,4.17,76,100.767,62.39604968,7.272298592,6.9,7.45,4.39,27,0.855730135,16.03959259,1.709905039,2.491927443,0.172816321,4.237447362,31.38515756,3.785201613,0.135014373,0.003537398,0.10835272,3.19E-05,0.000350553,0.003091239,0.000127474,9.56E-05,0.071544664,0.007839638,0.000127474,0.000127474,0.000892317,0,0,3.19E-05,0.002581344,0,0.000191211,3.19E-05,0,0,0,3.19E-05,0,0.000350553,0,0,0,0,0.006660505,0,0,0.000637369,0.000286816,0,0,3.19E-05,1.44,12.33,1.58,180.24,-2.23,0.45,237,0.168,1.41,0,2,0,100,3,97,0.022550336
139,445141,4433634,D,0,7,0,7,2,91,9,1,1,0,TRISPI,Poaceae,Graminoid,Grass,Grass,38,210,172,67,9,0.330193377,0.114691637,3832.4,209.584,4.17,76,100.767,62.39604968,7.272298592,6.9,7.45,4.39,27,0.855730135,16.03959259,1.709905039,2.491927443,0.172816321,4.237447362,31.38515756,3.785201613,0.135014373,0.000724616,0.110473718,0,9.06E-05,0.000966154,0.00169077,0.005615772,0.014915009,0.000150962,0.000483077,0.000211346,0.00519308,0,0,3.19E-05,0.002581344,0,0.000191211,3.19E-05,0,0,0,3.19E-05,0,0.000350553,0,0,0,0,0.006660505,0,0,0.000637369,0.000286816,0,0,3.19E-05,1.44,12.33,1.58,180.24,-2.23,0.45,237,0.168,1.41,0,2,7,93,2,98,0.022550336
141,445130,4433616,D,0,0,0,0,0,100,0,0,0,0,FESBRA,Poaceae,Graminoid,Grass,Grass,54,88,34,28,9,0.090663343,-0.201071528,3842.5,257.053,1.01,82,296.439,21.84890489,5.282584471,7.42,9.45,3.98,50,0.409761555,10.13594245,9.132699272,2.061552571,0.058619729,1.331526605,25.03373036,7.612271818,0.0531893,0.010085368,0.080087354,0.000238237,0,7.94E-05,0.000119119,0.000476474,0.028032559,0.001310304,0,0.000476474,0.001270598,0,0,0,3.97E-05,0,0,0.000158825,0.001111773,3.97E-05,0,0.00051618,0,0,0,0,0.000635299,0,0.010283899,0,0,0.000992654,7.94E-05,0,0,3.97E-05,1.56,9.89,1.31,201.54,-3.43,0.45,235,0.154,1.15,2,2,0,100,0,100,0.016296296
141,445130,4433616,D,1,0,0,1,1,98,2,1,1,0,POASPP,Poaceae,Graminoid,Grass,Grass,54,88,34,28,9,0.090663343,-0.201071528,3842.5,257.053,1.01,82,296.439,21.84890489,5.282584471,7.42,9.45,3.98,50,0.409761555,10.13594245,9.132699272,2.061552571,0.058619729,1.331526605,25.03373036,7.612271818,0.0531893,0.010085368,0.080087354,0.000238237,0,7.94E-05,0.000119119,0.000476474,0.028032559,0.001310304,0,0.000476474,0.001270598,0,0,0,3.97E-05,0,0,0.000158825,0.001111773,3.97E-05,0,0.00051618,0,0,0,0,0.000635299,0,0.010283899,0,0,0.000992654,7.94E-05,0,0,3.97E-05,1.56,9.89,1.31,201.54,-3.43,0.45,235,0.154,1.15,3,1,1,99,1,99,0.016296296
145,446763,4434301,D,0,0,0,0,0,100,0,0,0,0,OXYDIG,Polygonaceae,Forb,Forb,Forb,9,75,66,24,7,-0.021628161,-0.18051704,3736.3,262.888,1.01,76,127.106,13.56060606,3.585858586,2.46,0,4.5,10,0.186930367,4.735258645,0.287738673,1.737559512,0.017067107,0.766217381,9.577097887,6.18004598,0.080005174,0.001215953,0.127756161,0.001297017,0,0.002675097,8.11E-05,0.000243191,0.02099546,0.000810636,0,0,0.005755512,0,0,0,0,0,0,0.000729572,0,0,0,0.001621271,0,0,0,0,0,0,0.000324254,0,0,0.005755512,0.000162127,0,0,0,1.22,6.89,1.08,197.7,-6.11,0.47,229,0.414,0.66,0,0,0,100,0,100,NA
145,446763,4434301,D,0,0,0,0,0,100,0,0,0,0,STEUMB,Caryophyllaceae,Forb,Forb,Forb,9,75,66,24,7,-0.021628161,-0.18051704,3736.3,262.888,1.01,76,127.106,13.56060606,3.585858586,2.46,0,4.5,10,0.186930367,4.735258645,0.287738673,1.737559512,0.017067107,0.766217381,9.577097887,6.18004598,0.080005174,0.001215953,0.127756161,0.001297017,0,0.002675097,8.11E-05,0.000243191,0.02099546,0.000810636,0,0,0.005755512,0,0,0,0,0,0,0.000729572,0,0,0,0.001621271,0,0,0,0,0,0,0.000324254,0,0,0.005755512,0.000162127,0,0,0,1.22,6.89,1.08,197.7,-6.11,0.47,229,0.414,0.66,1,3,0,100,0,100,NA
146,446766,4434310,D,0,0,0,0,4,96,4,0,1,0,OXYDIG,Polygonaceae,Forb,Forb,Forb,15,110,95,35,9,0.114484733,-0.08590731,3739.9,264.225,3.09,80,180.509,34.83421959,4.955953005,4.45,6.99,4.58,2,0.171508291,4.651195599,0.431803254,1.048465406,0.088389971,0.936227842,9.042365546,4.968016748,0.103537933,0.000125235,0.069505322,0.00025047,0.000626174,0.003882279,0,0,0.002504696,0,0,0,0.000125235,0,0,0,0,0,0,0,0,0,0,0,0,0,0,0,0,0,0,0,0,0.000125235,0.00025047,0,0,0,1.37,5.94,1.98,200.94,-6.37,0.5,229,0.154,1.82,0,2,0,100,4,96,0.022031474
146,446766,4434310,D,0,0,0,0,1,99,1,0,1,0,STEUMB,Caryophyllaceae,Forb,Forb,Forb,15,110,95,35,9,0.114484733,-0.08590731,3739.9,264.225,3.09,80,180.509,34.83421959,4.955953005,4.45,6.99,4.58,2,0.171508291,4.651195599,0.431803254,1.048465406,0.088389971,0.936227842,9.042365546,4.968016748,0.103537933,0.000125235,0.069505322,0.00025047,0.000626174,0.003882279,0,0,0.002504696,0,0,0,0.000125235,0,0,0,0,0,0,0,0,0,0,0,0,0,0,0,0,0,0,0,0,0.000125235,0.00025047,0,0,0,1.37,5.94,1.98,200.94,-6.37,0.5,229,0.154,1.82,0,2,0,100,1,99,0.022031474
147,446775,4434303,D,1,0,0,1,0,99,1,1,0,0,CARPYR,Cyperaceae,Graminoid,Sedge,Sedge,NA,68,NA,22,10,-0.069840438,-0.213331455,3734.9,NA,NA,NA,NA,NA,NA,NA,NA,NA,NA,NA,NA,NA,NA,NA,NA,NA,NA,NA,0.000125235,0.069505322,0.00025047,0.000626174,0.003882279,0,0,0.002504696,0,0,0,0.000125235,NA,NA,NA,NA,NA,NA,NA,NA,NA,NA,NA,NA,NA,NA,NA,NA,NA,NA,NA,NA,NA,NA,NA,NA,NA,1.55,NA,NA,199.42,-6.32,0.47,229,NA,NA,1,3,1,99,0,100,NA
148,446759,4434307,D,0,0,0,0,0,100,0,0,0,0,SENFRE,Asteraceae,Forb,Forb,Forb,NA,53,NA,17,7,-0.18326297,-0.203651644,3741.6,NA,NA,NA,NA,NA,NA,NA,NA,NA,NA,NA,NA,NA,NA,NA,NA,NA,NA,NA,0.000125235,0.069505322,0.00025047,0.000626174,0.003882279,0,0,0.002504696,0,0,0,0.000125235,NA,NA,NA,NA,NA,NA,NA,NA,NA,NA,NA,NA,NA,NA,NA,NA,NA,NA,NA,NA,NA,NA,NA,NA,NA,1.53,NA,NA,195.38,-5.8,0.48,229,NA,NA,1,1,0,100,0,100,NA
151,446756,4434295,D,0,0,0,0,0,100,0,0,0,0,OXYDIG,Polygonaceae,Forb,Forb,Forb,NA,20,NA,6,6,-0.440999058,0.089948773,3737.7,NA,NA,NA,NA,NA,NA,NA,NA,NA,NA,NA,NA,NA,NA,NA,NA,NA,NA,NA,0.000125235,0.069505322,0.00025047,0.000626174,0.003882279,0,0,0.002504696,0,0,0,0.000125235,NA,NA,NA,NA,NA,NA,NA,NA,NA,NA,NA,NA,NA,NA,NA,NA,NA,NA,NA,NA,NA,NA,NA,NA,NA,1.23,NA,NA,201.96,-6.04,0.46,229,NA,NA,1,4,0,100,0,100,NA
152,446770,4434294,D,0.5,0,0,0.5,0,99.5,0.5,1,0,0,CARPYR,Cyperaceae,Graminoid,Sedge,Sedge,44,39,-5,12,6,-0.307940379,-0.1317505,3736.3,257.017,4.17,71,33.92,20.83333333,3.766328344,2.62,0,4.72,0,0.17117442,7.220733955,0.611524034,2.020908908,0.01716114,0.715635502,12.15854408,10.08996051,0.058858651,0.000839366,0.026440038,0,0.000314762,0.001154129,0.000629525,0.000629525,0.005665722,0.000944287,0,0,0.007869059,0,0,0,0,0,0,0.000839366,0,0,0,0.000209842,0,0,0,0,0.001154129,0,0,0,0,0.007869059,0,0,0,0,1.38,8.7,0.86,197.58,-6.41,0.46,229,0.208,0.65,0,2,1,99,0,100,NA
152,446770,4434294,D,5,0,0,5,0,95,5,1,0,0,OXYDIG,Polygonaceae,Forb,Forb,Forb,44,39,-5,12,6,-0.307940379,-0.1317505,3736.3,257.017,4.17,71,33.92,20.83333333,3.766328344,2.62,0,4.72,0,0.17117442,7.220733955,0.611524034,2.020908908,0.01716114,0.715635502,12.15854408,10.08996051,0.058858651,0.000839366,0.026440038,0,0.000314762,0.001154129,0.000629525,0.000629525,0.005665722,0.000944287,0,0,0.007869059,0,0,0,0,0,0,0.000839366,0,0,0,0.000209842,0,0,0,0,0.001154129,0,0,0,0,0.007869059,0,0,0,0,1.38,8.7,0.86,197.58,-6.41,0.46,229,0.208,0.65,0,1,5,95,0,100,NA
153,446772,4434307,D,0,0,0,0,0,100,0,0,0,0,OXYDIG,Polygonaceae,Forb,Forb,Forb,6,39,33,12,6,-0.274642624,-0.129413603,3738.2,266.02,5.26,75,295.978,10.83695652,1.239130435,3.16,3.95,5.17,8,0.745409028,8.923154661,0.728554778,2.727024578,0.096932247,1.171403468,14.09179712,7.617490391,0.08312662,0.000635145,0.131122089,0.000635145,0.000635145,0.000917431,0.006704305,0.000282287,0.003952011,0.002117149,0,0,0.011432604,0,0,0,0,0,0,0.000211715,0,0,0,0.00042343,0,0,0,0,0.001058574,0,0.00042343,0,0,0.011432604,0.000141143,0,0.000141143,0,1.26,10.37,2.78,204.64,-6.88,0.52,229,0.174,2.61,1,2,0,100,0,100,0.044050633
153,446772,4434307,D,0,0.5,0,0.5,0,99.5,0.5,1,0,0,STEUMB,Caryophyllaceae,Forb,Forb,Forb,6,39,33,12,6,-0.274642624,-0.129413603,3738.2,266.02,5.26,75,295.978,10.83695652,1.239130435,3.16,3.95,5.17,8,0.745409028,8.923154661,0.728554778,2.727024578,0.096932247,1.171403468,14.09179712,7.617490391,0.08312662,0.000635145,0.131122089,0.000635145,0.000635145,0.000917431,0.006704305,0.000282287,0.003952011,0.002117149,0,0,0.011432604,0,0,0,0,0,0,0.000211715,0,0,0,0.00042343,0,0,0,0,0.001058574,0,0.00042343,0,0,0.011432604,0.000141143,0,0.000141143,0,1.26,10.37,2.78,204.64,-6.88,0.52,229,0.174,2.61,1,5,1,99,0,100,0.044050633
155,446761,4434294,D,0,0,0,0,0,100,0,0,0,0,CARPYR,Cyperaceae,Graminoid,Sedge,Sedge,2,10,8,3,4,-0.472319347,0.326212022,3732.1,258.398,4.17,81,114.057,31.06770833,6.302083333,3.73,5.76,4.05,3,NA,77.12121126,NA,14.50694906,NA,8.973447892,90.15233891,8.594378904,0.099536496,0.002565283,0.05643623,0.000131553,6.58E-05,0.00486746,0,6.58E-05,0.010655792,0.000328882,0,6.58E-05,0.010195356,0,0,0,6.58E-05,0,0,0.000986647,0,0,0,0,0,0,0,0,0.000263106,0,0,0,0,0.010195356,0,0,0,0,1.16,12.4,1.56,196.23,-6.42,0.47,229,0.22,1.34,1,3,0,100,0,100,0.038194444
156,446764,4434305,D,28,0,0,28,1,72,28,1,1,0,OXYDIG,Polygonaceae,Forb,Forb,Forb,11,37,26,12,7,-0.304546297,-0.124535822,3739.9,264.423,7.53,81,188.581,14.33870968,2.037634409,2.31,4.34,4.92,2,NA,112.8775056,-0.426115694,17.8609833,NA,9.265775134,99.00388903,12.18219782,0.093590012,0.00268444,0.14921781,0.000185134,9.26E-05,0.001573637,0.003702675,0.000555401,0.011941127,0.000647968,0,0.000370268,0.007775618,0,0,0,0,0,0,0.000740535,0,0,0,0.002869573,0,0,9.26E-05,0,0,0,0,0,0,0.007775618,0.000185134,0,9.26E-05,0,1.49,6.88,1.33,201.13,-6.37,0.48,229,0.222,1.11,1,2,28,72,1,99,0.051152074
156,445937,4433706,D,0,0,0,0,0,100,0,0,0,0,STEUMB,Caryophyllaceae,Forb,Forb,Forb,26,37,11,12,7,-0.304546297,-0.124535822,3655.6,358.477,8.7,81,88.918,55.66638568,6.328260677,2.21,3.29,4.36,2,NA,112.8775056,-0.426115694,17.8609833,NA,9.265775134,99.00388903,12.18219782,0.093590012,0,0.037022512,0,0,7.84E-05,0,0,0.098321437,0.003098282,0,0,0,0,0,0,0,0,0,0.000740535,0,0,0,0.002869573,0,0,9.26E-05,0,0,0,0,0,0,0.007775618,0.000185134,0,9.26E-05,0,1.49,6.88,1.33,201.13,-6.37,0.48,229,0.222,1.11,0,4,0,100,0,100,0.067477204
157,445150,4433664,M,10,0,0,10,0,90,10,1,0,0,CARPYR,Cyperaceae,Graminoid,Sedge,Sedge,22,84,62,27,5,0.059022463,-0.196242822,3834.4,144.609,0,71,57.481,42.03167598,5.591207664,4.28,6.66,4.67,6,2.747199012,64.73991008,6.367259586,13.76309436,0.131297338,11.65237168,175.9727865,5.555942761,0.066216896,0.000589424,0.034523409,0,8.42E-05,0.007915123,0,0.000168407,0.019198383,0.008420344,0,0.000842034,0.000421017,0,0,0,0,0,0,0,0,0,0,0,0,0,0,0,7.84E-05,0,7.84E-05,0,0,0,0,0,0.000235313,0,1.28,8.55,2.97,340.34,-10.03,0.42,235,0.103,2.86,0,1,10,90,0,100,0.015465465