NUMERICSAM,WAYPOINT,PHENOX,PEROX,DRYWEIGHT,GPSNAME,Zone,EASTING,NORTHING,ALT,NAG,CBH,AG,BG,BXYL,PHOS,SOIL_H2O,MeanSnow,SAND,CLAY,SILT,PH,TDN,MN,DOC,DOC_N,MBC_N,MBC,MBC_H2O,Dptotal,Dpinorg,MBPtot,TOTALPLN,TOTALDI,TOTALMON,Cirsium_scopulorum,Silene_acaulis,Trifolium_nanum,Phlox_siberica,Angelica_grayi,Senecio_fremontii,Hymenoxis_grandiflora,Erigeron_peregrinus,Oxyria_digyna,Bistorta_bistortoides,Antennaria_alpina,Gentianoides_algida,Geum_rossii,Elymus_scriberneri,Trisetum_spicatum,Festuca_rubra,Deschampsia_cespitosa,Kobresia_myosuroides,Carex_nardina,Carex_perglobosa,Carex_phaeocephala,Carex_nigricans,Poa_alpina,Ligusticum_filicinum,Richness,Moss,Vascular,Burkholderiales,Clostridiales,Acidobacteria_Gp1A,Acidobacteria_Gp4A,Rhodospirillales,TM7,Ktedonobacteraceae, Acidomicrobiaceae,Acidobacteria_Gp3,Desulfovibrionales,Acidobacteria_Gp7,Pseudonocardiaceae,Deltaproteobacteria,Rhizobiales,Actinomycetales,Acidobacteria_Gp4,Cyanobacteria,Acidobacteria_Gp1,Chitinophagaceae,Rubrobacteraceae,Oxalobacteraceae,Sphingomonadaceae
7930,1,0.055667,0.670649,0.96,0,13,446512,4434101,3660.553711,2.057395,5.977451,0.776586,32.20952,3.368574,62.35141,4.166667,152.511,71,15,14,4.52,8.114583333,4.609375,49.00520833,6.03915276,30.14248136,138.938,33.34511733,5.18,5.45,6.52,128,81,47,3,40,38,0,0,0,0,0,0,0,0,0,0,3,2,0,5,16,0,0,0,0,21,0,8,0,128,0.01428571,0.05714285,0,0.01428571,0.01428571,0,0.05714285,0.02857142,0,0.01428571,0.02857142,0,0.01428571,0.01428571,0.04285714,0.02857142,0.05714285,0,0.11428571,0.01428571,0.04285714,0.01428571
195,0,0,0.36629645,0.94,5,13,445040,4433817,3932.784912,1.857003688,2.352525168,0.557853327,9.584460357,1.034090666,23.63387837,6.382978723,95.5209,78,14,9,4.29,4.574468085,3.89893617,21.75,4.754651163,5.807738063,22.644,3.54756,2.61,8.95,4.74,36,25,11,1,12,0,0,0,6,0,2,0,0,0,1,3,0,0,0,0,7,0,0,4,0,0,0,8,0,36,0,0.00943396,0.01886792,0.00943396,0.02830188,0.00943396,0.05660377,0.01886792,0.00943396,0,0,0,0.02830188,0.00943396,0.01886792,0.01886792,0,0.00943396,0.05660377,0.00943396,0.02830188,0.00943396
197,2,0,0.488114202,0.99,7,13,445185,4433921,3927.80542,2.556816429,3.82059763,0.440555105,14.60221364,0.789807156,18.85803678,1.01010101,65,76,16,9,4.55,1.994949495,3.217171717,15.1969697,7.617721519,3.654762952,11.758,11.64042,0.48,2.71,4.64,60,31,29,0,4,0,0,0,0,0,0,0,0,0,0,15,0,3,0,0,0,5,0,21,0,0,0,7,12,48,0.01550387,0.00775193,0.01550387,0.01550387,0.10077519,0.01550387,0.03875968,0.01550387,0.03100775,0,0,0.07751937,0.00775193,0.03100775,0.03875968,0,0,0,0.07751937,0.03100775,0.01550387,0.02325581
199,2,0,0.107801631,0.95,9,13,445301,4433948,3900.930664,7.351958852,8.715651166,1.484140552,29.74136132,1.669518536,40.38486996,5.263157895,65,78,13,9,4.34,4.373684211,5.926315789,35.70526316,8.163658243,4.925319716,29.189,5.54591,2.01,5.94,4.74,49,30,19,3,3,0,0,0,0,0,0,0,0,0,0,2,0,5,5,0,0,9,0,0,0,0,0,8,22,27,0,0.02222222,0.03333333,0.01111111,0.03333333,0,0.08888888,0.01111111,0,0,0,0.02222222,0.03333333,0.03333333,0.05555555,0.01111111,0,0,0.1,0.03333333,0.03333333,0.01111111
291,2,0,0.10424482,0.95,13,13,445467,4433965,3893.772461,0.756013948,1.93977295,0.340383189,7.599705095,0.33422506,18.77448369,5.263157895,65,66,17,17,4.04,4.221052632,3,19.52631579,4.625935162,29.52466667,88.574,16.82906,0.86,4.37,18.48,12,6,6,6,0,0,0,0,0,0,0,0,0,0,0,0,0,2,4,0,0,0,0,0,0,0,0,4,0,12,0,0.01315789,0.03947368,0,0.07894736,0,0.15789473,0.01315789,0,0.01315789,0,0.02631578,0.03947368,0.01315789,0.01315789,0,0,0,0.02631578,0,0,0.01315789
296,0,0.108003432,0,0.86,18,13,445147,4433842,3886.41626,22.74620563,38.10059333,6.555723111,75.0516878,9.342238541,95.55220122,16.27906977,65,62,18,21,4.45,13.51787359,14.76741443,81.27185726,6.012177635,8.311204414,122.735,7.539435713,4.71,8.76,4.28,54,45,9,10,27,0,0,0,0,0,0,0,0,0,0,0,0,1,8,0,0,0,0,0,0,0,0,6,8,46,0.02409638,0,0.01204819,0,0.01204819,0,0.02409638,0,0,0.02409638,0,0.01204819,0.08433734,0.06024096,0.03614457,0,0.02409638,0,0.14457831,0.02409638,0.01204819,0.02409638
298,2,0.090531427,0.334130965,0.92,20,13,445077,4433730,3882.361572,5.95060339,10.10358679,2.481657997,25.8366816,2.279954113,49.41924676,8.695652174,132.896,64,18,18,4.49,9.874368435,8.675813643,48.34901439,4.896415878,14.44072051,125.285,14.407775,9.17,14.39,0,29,15,14,5,0,0,0,0,10,0,0,0,0,0,0,0,5,2,7,0,0,0,0,0,0,0,0,5,0,29,0.04123711,0,0.03092783,0.01030927,0.01030927,0.01030927,0.02061855,0.01030927,0,0.04123711,0.05154639,0.02061855,0.04123711,0.02061855,0,0.01030927,0.02061855,0.04123711,0.06185567,0.02061855,0.06185567,0.02061855
135,0,0.163771014,1.036966732,0.94,27,13,445051,4433677,3880.624023,3.250067581,9.775702961,0.679697366,28.18812603,1.843689458,35.15752734,6.382978723,295.947,74,14,12,4.01,4.483820979,2.892707226,37.6889815,8.405550017,4.72429421,13.666,2.141006667,7.45,9.3,4.79,2,2,0,0,0,0,0,0,0,0,0,0,0,0,0,0,0,0,0,0,0,0,0,0,0,0,0,1,2,0,0.01265822,0.01265822,0.05696202,0,0.04430379,0.00632911,0.06329113,0.00632911,0,0.01265822,0.03164556,0,0.04430379,0.02531645,0.02531645,0,0,0.03164556,0.01898734,0,0.02531645,0.01265822
1310,0,0,1.026377658,0.9,28,13,445056,4433673,3879.18042,3.245813451,9.429472997,0.658678782,24.1569934,2.851943532,39.54251782,11.11111111,287.729,76,14,10,4.07,5.499649803,5.759709847,49.52078926,9.004353192,3.174118226,18.282,1.64538,6.93,7.07,6.56,25,20,5,0,0,0,0,0,0,0,0,0,0,0,0,0,0,0,4,0,0,1,0,0,0,0,0,3,20,5,0.01052631,0,0.03157894,0,0.01052631,0.01052631,0.08421052,0,0.03157894,0.01052631,0.03157894,0,0.01052631,0.04210526,0,0,0,0.01052631,0.06315789,0.01052631,0.02105263,0
13210,0,0,1.216376828,0.91,30,13,445056,4433683,3880.624023,5.977661861,5.818995686,1.454337381,15.64453855,1.316186534,49.46752376,9.89010989,281.133,74,14,12,4.4,4.626459317,4.354757237,38.19907103,8.256653395,26.87405833,117.03,11.83303333,4.04,5.45,5.55,31,27,4,0,0,0,0,0,1,0,0,0,0,0,0,0,0,0,0,0,0,4,0,0,0,0,0,3,26,5,0.01970443,0,0.06896551,0.0049261,0.0049261,0.00985221,0.02463054,0,0.01477832,0.03448275,0.01970443,0,0.0591133,0.02463054,0.01970443,0,0.08374384,0.0049261,0.1182266,0.0049261,0.02463054,0.01970443
393,0,0.108434655,0.287904844,0.95,36,13,445084,4433630,3863.168945,3.024287961,5.481984183,0.411686944,17.37984007,0.60201428,25.00858678,5.263157895,261.915,70,18,12,3.93,7.038971855,2.110534294,40.16918098,5.706682994,7.214286943,15.226,2.89294,4.38,7.24,4.63,36,19,17,0,2,0,0,0,0,0,0,0,0,0,0,0,12,0,5,0,0,0,0,0,0,0,0,4,17,19,0,0.02666666,0.06666666,0,0.05333333,0,0.12,0.02666666,0,0,0.01333333,0.01333333,0.02666666,0.05333333,0.02666666,0.02666666,0,0,0.06666666,0.01333333,0,0
395,0,0,0.335418594,0.93,38,13,445120,4433745,3871.648926,2.909816518,5.640795727,0.679479592,20.76204962,0.90388501,30.45573025,7.52688172,87.019,78,12,9,4.1,5.92457947,4.039138117,35.92067535,6.062991565,7.57315029,30.589,4.063967143,7.26,7.3,12.09,2,1,1,1,0,0,0,0,0,0,0,0,0,0,0,0,0,1,0,0,0,0,0,0,0,0,0,2,0,2,0.03571428,0.03571428,0.04761904,0,0.01190476,0,0.09523809,0,0,0.01190476,0,0.02380952,0.08333333,0.01190476,0.01190476,0.04761904,0,0.02380952,0.10714285,0.01190476,0.02380952,0
396,2,0.169603739,0.046537313,0.93,39,13,445153,4433795,3870.285645,2.016404335,2.785581849,0.498483043,10.38254337,0.82821995,17.71731578,7.52688172,63.5581,87,11,2,4.2,4.422122999,2.65502582,27.52079207,6.223434327,31.00233504,82.312,10.93573714,3.59,2.94,8.97,37,3,34,0,0,0,0,0,3,0,0,0,0,0,0,0,13,8,8,0,5,0,0,0,0,0,0,5,0,37,0,0.02479338,0.03305785,0,0.08264462,0,0.02479338,0.03305785,0.02479338,0,0,0.00826446,0.01652892,0.02479338,0.04132231,0,0,0,0.04132231,0,0.05785123,0.00826446
3910,0,0.479510911,0.530190911,0.87,43,13,445408,4433898,3856.274658,2.598302553,7.07870972,0.564285197,27.6365392,2.017990971,38.38176279,14.94252874,65,73,13,15,4.73,6.927198587,4.471706478,47.15593715,6.807360373,3.262736513,14.59,0.976407692,3.59,6.56,24.49,44,14,30,4,0,0,0,0,6,0,0,0,4,0,0,0,0,23,7,0,0,0,0,0,0,0,0,6,0,44,0.01041666,0,0.03125,0,0.01041666,0,0.03125,0.02083333,0,0.03125,0.04166666,0,0.08333333,0.04166666,0,0,0.04166666,0.01041666,0.09375,0.01041666,0.08333333,0
492,0,0,0.659433071,0.86,47,13,445430,4433885,3844.082275,13.1082399,24.82418187,2.695735011,80.52442555,12.06370225,90.15698659,16.27906977,65,71,12,17,4.8,11.93207362,12.60293658,93.68169551,7.851250208,5.743423332,72.384,4.446445714,2.49,4.22,33.39,30,6,24,1,0,0,0,0,0,0,0,0,0,0,0,0,0,18,6,0,0,0,0,0,0,0,0,5,5,25,0,0.01960784,0.04575163,0.01307189,0,0.01960784,0.17647058,0.01307189,0,0,0.01307189,0.01307189,0.01960784,0.03267973,0.01960784,0,0,0.03921568,0.07189542,0.03267973,0.00653594,0
493,0,0,1.158763709,0.86,48,13,445376,4433854,3828.87915,8.016265385,16.38539566,2.07105138,50.78294237,5.948276595,64.69112596,16.27906977,65,66,18,15,4.71,8.727088425,8.835966134,62.19935996,7.127160506,4.657781546,41.156,2.528154285,3.13,5.13,18.32,25,3,22,3,0,0,0,0,0,0,0,0,0,0,0,0,2,0,6,9,0,0,0,5,0,0,0,6,0,25,0.03921568,0.00490196,0.0245098,0.00980392,0.00980392,0.00980392,0.03921568,0,0.00980392,0.01470588,0.01470588,0.00490196,0.05882352,0.0490196,0.03921568,0.02941176,0.00980392,0.02941176,0.16666666,0.00490196,0.02941176,0.01470588
496,0,0.108995846,0.261999383,0.94,51,13,445199,4433772,3846.748291,5.150577337,8.513302253,2.187148812,25.78119191,1.462630035,40.95412476,6.382978723,60.6189,84,12,3,4.77,5.561203054,6.062976762,38.31181688,6.889123902,7.0514867,42.753,6.69797,3.31,7.39,11.5,42,12,30,0,0,0,0,0,7,0,0,0,0,0,0,0,0,13,9,0,0,0,0,8,0,0,0,5,5,37,0,0,0.03937007,0.01574803,0.02362204,0.00787401,0.07874015,0.01574803,0,0.00787401,0.00787401,0.00787401,0.05511811,0.01574803,0.04724409,0.00787401,0.01574803,0,0.11811023,0.00787401,0.04724409,0
498,2,0,0.766709348,0.89,53,13,445102,4433669,3859.500977,3.108646665,12.14994049,1.217317577,31.15531991,2.353319871,64.25907952,12.35955056,197.641,67,18,15,4.41,6.29838576,8.790827258,56.31854027,8.941741966,28.93208939,254.337,20.57817546,4.25,8.39,8.48,48,29,19,0,4,0,0,0,0,0,0,0,0,0,0,0,0,3,16,0,0,0,0,0,0,0,0,5,25,23,0.00581395,0.01937984,0.01744186,0.01550387,0.01356589,0.0116279,0.08914728,0.00775193,0,0.01744186,0.0368217,0.01356589,0.05426356,0.02325581,0.0116279,0.00387596,0.01937984,0.0116279,0.05038759,0.00775193,0.02713178,0.0116279
598,1,0.037253988,0,0.97,56,13,445411,4433835,3814.261475,27.99444987,49.68464363,9.648158457,105.1195702,19.75395508,91.3374559,3.092783505,65,86,10,3,5.04,12.82849904,3.956440418,74.21989459,5.785547814,35.8104723,141.682,45.81051334,6.7,8.72,2.91,114,91,23,0,6,56,0,0,0,0,3,0,0,0,0,26,14,0,9,0,0,0,0,0,0,0,0,6,0,114,0.02209944,0,0.00552486,0.0359116,0.02209944,0.00552486,0.00276243,0.00828729,0,0.00552486,0.00276243,0.02209944,0.05801104,0.05248618,0.03314917,0.03038674,0.00552486,0,0.27624309,0.00828729,0.05524861,0.0276243
597,2,0,0.149474011,1,57,13,445355,4433813,3813.303467,1.684617185,7.121154041,1.091334898,15.52900989,0.931612375,20.23472521,0,65,86,10,3,4.58,4.361405878,3.497996517,32.68889874,7.495037071,25.68070024,89.831,89,1.72,6.06,24.41,10,5,5,0,0,0,0,0,5,0,0,0,0,0,0,0,4,1,0,0,0,0,0,0,0,0,0,3,0,10,0.01041666,0.01041666,0.04166666,0,0.04166666,0.02083333,0.04166666,0,0,0.01041666,0,0.01041666,0.01041666,0.02083333,0.05208333,0.04166666,0,0.01041666,0.13541666,0.02083333,0.05208333,0.03125
595,2,0,0,0.97,59,13,445250,4433767,3826.134521,2.489527309,3.72022744,0.525152632,7.983562988,0.55532334,19.54785025,3.092783505,68.3429,87,10,3,4.06,4.836686726,1.223437935,35.25107296,7.288268799,15.677951,19.181,6.201856667,3.1,6.28,5.64,21,2,19,1,1,0,0,0,0,0,0,0,0,0,0,0,7,4,8,0,0,0,0,0,0,0,0,6,0,21,0,0.02985074,0.01492537,0,0.07462686,0,0.20895522,0,0,0,0.01492537,0.07462686,0.02985074,0,0.05970149,0,0,0,0.07462686,0.02985074,0,0
594,2,0,0.08646535,0.99,60,13,445217,4433739,3831.755615,3.732277592,8.766154832,0.739889796,19.91966567,1.124994446,35.612687,1.01010101,56.2458,79,14,7,3.98,4.033276631,3.513995589,29.06927177,7.207358787,8.51395491,29.918,29.61882,5.09,9.41,3.46,29,1,28,1,0,0,0,0,0,0,0,0,0,0,0,0,7,14,7,0,0,0,0,0,0,0,0,5,0,29,0.00301204,0.02409638,0.01204819,0.00301204,0.03915662,0.00301204,0.19578313,0.00301204,0,0,0.00301204,0.05722891,0.00602409,0.00903614,0.01506024,0.00301204,0,0.00301204,0.0813253,0.01506024,0.00903614,0
593,2,0,1.297401353,0.98,61,13,445168,4433684,3835.063721,16.14122868,33.78869645,6.21087565,75.97119397,8.0376009,98.72570943,2.040816327,102.523,52,20,27,4.19,8.52761773,16.46994926,47.35268915,5.552862552,7.317205299,120.514,59.05185999,7.05,8.55,0.23,27,7,20,0,0,0,0,0,0,0,0,0,0,0,0,0,0,17,3,0,0,0,0,0,0,0,0,4,7,20,0,0,0.01904761,0.01904761,0.01904761,0.01904761,0.0095238,0.0095238,0,0.0095238,0.05714285,0.0095238,0.06666666,0.06666666,0.0095238,0.01904761,0.0095238,0.0095238,0.17142857,0,0.02857142,0
6922,2,0,0.272655319,0.89,62,13,445168,4433602,3818.456787,5.48153135,18.69353921,2.920166195,61.82035437,14.00469651,91.34067197,12.35955056,278.769,87,10,3,4.6,18.4603743,6.634789503,113.3765947,6.141619496,37.09808727,246.138,19.91480182,23.75,34.89,0,12,12,0,0,0,0,0,0,0,0,0,0,0,0,0,0,0,0,0,0,0,0,0,0,0,0,0,1,12,0,0,0,0.05970149,0,0,0,0.10447761,0,0.01492537,0.01492537,0.01492537,0,0.02985074,0.01492537,0,0,0,0.01492537,0.05970149,0.02985074,0.02985074,0
20,2,0,0,0.96,63,13,445129,4433624,3842.454346,3.489192229,6.295808315,1.211949101,22.94935225,2.004723502,33.87966057,4.166666667,236.308,63,21,17,4.11,6.942200871,3,48.70261032,7.015442397,29.06966667,87.209,20.93016,5.82,8.8,2.33,3,2,1,0,0,0,0,0,0,0,0,0,0,0,0,0,0,0,1,0,0,0,0,0,0,0,0,2,2,1,0.01351351,0.01351351,0.01351351,0.01351351,0,0.01351351,0.06756756,0,0,0.04054054,0.02702702,0,0.05405405,0,0.01351351,0,0.02702702,0.02702702,0.08108108,0.04054054,0.01351351,0.02702702
591,2,0,1.454689062,0.81,65,13,445174,4433553,3810.116211,46.80745723,60.89955437,7.252033957,91.47473027,15.16460604,85.72286924,23.45679012,421.238,71,15,14,4.32,13.81471133,7.514569202,50.75696853,3.674124439,37.51911685,281.94,12.01954737,7.28,5.52,0.58,16,10,6,0,0,0,0,0,0,0,0,0,0,0,0,0,0,0,4,0,0,0,0,0,0,2,0,3,10,6,0.03045685,0,0.07614213,0,0.01015228,0,0,0,0.01015228,0.03553299,0,0,0.05583756,0.02538071,0.06598984,0,0,0,0.25888324,0,0.0609137,0.00507614
695,2,0.009910262,0,0.89,66,13,445276,4433729,3812.261963,36.74331956,64.41593533,16.02014521,122.4285849,15.54013038,118.9358991,12.35955056,72.4137,63,14,23,4.42,13.18288831,23.60814024,92.88461956,7.045847415,7.599539743,179.411,14.51598091,8.39,20.73,20.74,72,51,21,5,2,0,0,0,0,0,0,0,0,0,0,44,0,3,6,0,12,0,0,0,0,0,0,7,0,72,0.00934579,0.02803738,0.04672897,0.01869158,0.00467289,0.00467289,0.02803738,0.00467289,0.00467289,0.00467289,0.04205607,0.01401869,0.04672897,0.00934579,0.01869158,0.02336448,0.00467289,0,0.1588785,0.01401869,0.02803738,0
692,2,0.498225054,1.442835948,0.89,74,13,445443,4433819,3794.167969,2.463040616,8.842618204,1.112302732,24.77063158,2.942243309,71.99087962,12.35955056,149.44,59,20,21,4.4,15.82043779,5.231483133,97.94487281,6.191034287,37.8414677,197.967,16.01733,7.62,13.64,0,94,68,26,1,11,0,0,0,0,4,0,0,0,0,0,52,0,0,2,10,0,14,0,0,0,0,0,8,0,94,0.01241134,0.02836879,0.03014184,0.02482269,0.01063829,0.00354609,0.08156028,0.01241134,0.02127659,0.01418439,0.03723404,0.00354609,0.04255319,0.04787234,0.00177304,0.01418439,0.00531914,0.03191489,0.12765957,0.00709219,0.00709219,0.01063829
691,2,0,0.575437512,0.9,75,13,445494,4433834,3789.535889,5.619174639,11.10382518,1.12994828,36.68356103,6.623187291,84.29405093,11.11111111,149.521,37,24,39,4.65,9.003831849,8.501742562,57.9769575,6.43914263,23.42684438,199.169,17.92521,1.48,5.56,12.86,32,16,16,0,0,0,0,0,6,0,0,0,0,0,0,0,1,0,0,13,0,0,0,1,1,0,0,6,10,22,0.00473933,0,0.014218,0.014218,0.00473933,0.014218,0.11374407,0.00473933,0.00473933,0.00947867,0.0521327,0,0.06161137,0.01895734,0,0,0,0.0521327,0.12322274,0.00473933,0.01895734,0.00473933
791,0,0.105802187,0.336566692,0.93,76,13,445224,4433582,3792.47998,23.2324262,34.82286144,3.934551378,68.31590404,6.158452789,63.48813417,7.52688172,311.365,55,22,23,4.08,8.337230387,2.295102154,32.30046255,3.874243729,12.79812315,29.373,3.902412857,5.44,9.78,0,21,5,16,0,0,0,0,0,0,1,0,0,0,4,0,0,0,0,10,0,0,0,3,0,0,3,0,5,0,21,0.01587301,0,0.0420168,0,0.01120448,0.02334267,0,0,0.02987861,0.02054154,0.01027077,0,0.03641456,0.07936507,0.05042016,0.0009337,0,0,0.22222222,0,0.06162464,0.00653594
797,2,0.347962499,0.77920449,0.99,79,13,445585,4433755,3739.827148,2.740574465,4.357706702,0.238340669,13.31004699,0.505131749,27.13032051,1.01010101,160.336,70,8,21,4.44,2.262626263,0.848484848,19.64223875,8.681168018,38.84453574,32.959,32.62941,0.39,1.85,5.24,21,8,13,0,0,61,0,0,0,0,0,0,0,0,0,27,0,0,8,17,19,11,0,0,38,0,0,9,8,181,0.01677852,0.01677852,0.02013422,0,0.08053691,0.0033557,0.0738255,0.01342281,0.06711409,0,0.01342281,0.02684563,0.02684563,0.03355704,0.0033557,0,0,0.01677852,0.07046979,0.01342281,0.0067114,0.01006711
7911,2,0.159975784,0.397286085,0.98,81,13,445778,4433723,3706.390625,14.22623868,35.06199779,4.939360994,66.16440368,7.513498937,98.7678267,2.040816327,245.467,54,16,29,5.24,1.563124437,4.520592496,21.34503983,13.65536827,2.211214572,9.996,4.898039999,0,2.41,6,67,31,36,0,0,0,0,6,0,0,0,4,0,0,0,0,0,5,0,12,0,13,0,6,0,0,0,8,21,46,0.01801801,0.009009,0.01801801,0.04504504,0.03603603,0,0.04504504,0.01801801,0.009009,0,0.009009,0,0.03603603,0.02702702,0.06306306,0.009009,0,0.009009,0.23423423,0.009009,0.01801801,0
7912,2,0.386159322,0.325931177,0.93,82,13,445862,4433715,3681.702393,2.72734403,5.599263419,0.361105523,11.77620164,0.884710652,30.55722809,7.52688172,335.958,69,16,15,4.25,2.713191602,2.570825964,26.28875059,9.689234835,25.80493621,66.34,8.813742858,0.2,3.84,8.11,2,0,2,0,0,0,0,0,0,0,0,0,0,0,0,0,0,2,0,0,0,0,0,0,0,0,0,1,0,2,0,0.01149425,0.08045977,0,0,0.03448275,0.09195402,0.01149425,0.01149425,0.01149425,0.0229885,0,0.01149425,0,0.01149425,0,0,0.0229885,0.08045977,0.0229885,0.0229885,0.0229885
7914,2,0.835196419,0.808016066,0.95,83,13,446012,4433749,3647.414063,3.489848355,5.231702466,0.344697022,21.13504121,0.804578276,30.51476521,5.263157895,375.449,66,10,23,4.75,2.624555802,2.487220624,23.60320284,8.993218139,2.52852519,6.289,1.19491,0,3.14,0,8,6,2,0,0,0,0,0,0,0,0,2,0,1,0,0,0,1,0,0,1,0,0,0,0,0,0,5,3,5,0.01886792,0,0,0,0.01886792,0,0,0,0,0.01886792,0.01886792,0,0.05660377,0.03773584,0,0,0.05660377,0,0.07547169,0,0.01886792,0
7915,1,0.614865798,1.852538526,0.89,84,13,446062,4433761,3636.621338,5.735009888,8.372705415,0.772486758,36.92689865,3.256899757,49.34894443,12.35955056,334.524,46,20,33,4.19,4.436319234,9.413956175,42.94399608,9.680096001,44.70862113,420.885,34.05342273,4.65,7.6,1.13,15,0,15,0,0,0,0,0,0,0,0,0,0,0,0,0,0,0,0,0,15,0,0,0,0,0,0,1,0,15,0.00645161,0.00645161,0.06451612,0,0.01935483,0.00645161,0.02580645,0,0.00645161,0.04516129,0.0516129,0,0.07096774,0.01290322,0,0,0.01935483,0.03225806,0.03225806,0,0.03225806,0.00645161
7921,1,0,0.97842905,0.99,89,13,446276,4433917,3637.703369,3.783049721,10.92947048,0.777298696,33.08469665,1.767743219,28.48091035,1.01010101,225.845,61,16,23,4.35,5.295467163,3.160839988,33.26817655,6.28238747,54.15016282,171.16,169.4484,3.57,5.24,5.7,18,17,1,0,0,0,0,0,4,0,0,1,0,0,0,0,0,0,0,0,1,0,0,0,0,0,0,5,12,6,0.02868318,0,0.01825293,0.00782268,0.02216427,0.02086049,0.00912646,0.00391134,0.01173402,0.01434159,0.05606258,0.00391134,0.0547588,0.03780964,0.05606258,0.00260756,0,0.00260756,0.0886571,0.01694915,0.05084745,0.01564537
7929,1,0.247621938,0.101316301,0.99,94,13,446469,4434083,3659.578613,0.858232236,1.547768373,0.175718031,8.49354716,0.385623576,15.32058703,1.01010101,187.56,63,15,22,4.43,6.555555556,1.681818182,24.72222222,3.771186441,77.2194054,129.869,128.57031,3.84,5.93,4.45,13,9,4,9,0,0,0,0,0,0,0,0,0,0,0,0,0,4,0,0,0,0,0,0,0,0,0,2,0,13,0.01754385,0.02631578,0.02631578,0,0.04385964,0.01754385,0.02631578,0,0.03508771,0.00877192,0,0.03508771,0.05263157,0.01754385,0.05263157,0.01754385,0,0,0.0614035,0,0,0.02631578
1296,2,0.088903651,0.324137587,0.94,95,13,446548,4434163,3691.33252,9.594758472,12.95483716,1.772622139,39.68010028,7.694538392,43.06836492,6.382978723,109.354,89,7,4,5.33,9.255319149,15.30319149,59.52659574,6.431609195,5.872435175,89.867,14.07916333,20,0,0,52,38,14,3,9,0,0,18,8,0,0,0,0,0,0,0,2,12,0,0,0,0,0,0,0,0,0,6,0,52,0.02219979,0,0.00403632,0.03733602,0.01816347,0.01009081,0.01513622,0.00403632,0.01109989,0.01009081,0.02018163,0.00908173,0.04339051,0.11604439,0.06256306,0.01311806,0.0050454,0.01109989,0.15741675,0.00403632,0.07971745,0.0161453
898,1,0.297394986,0.791639119,0.97,98,13,446442,4434291,3811.16333,7.278169455,15.57431078,2.096408086,76.83894702,8.166004566,79.35536532,3.092783505,196.654,64,13,23,5.29,8.577386068,2.965660049,79.60615002,9.280933537,50.90131624,150.956,48.80910667,3.51,5.71,15.14,92,64,28,0,5,0,0,2,3,5,0,0,0,5,0,41,0,0,8,3,0,17,0,0,0,0,0,11,3,89,0.04,0,0,0.04,0,0,0.01333333,0.04,0.01333333,0,0.02666666,0,0.05333333,0.06666666,0.05333333,0.16,0.02666666,0,0.14666666,0,0.02666666,0.02666666
991,2,0.3030777,0.439167907,0.98,99,13,446449,4434260,3794.465088,2.280395529,6.388531729,1.125655737,27.6183557,2.492843753,32.1387018,2.040816327,190.603,72,13,15,4.76,6.823563066,2.722266989,38.48846432,5.640522986,0.165670745,0.451,0.22099,4,6.81,0.88,55,14,41,0,0,0,0,0,3,0,0,0,0,11,0,0,0,0,9,19,0,13,0,0,0,0,0,5,0,55,0,0,0.0117647,0.02352941,0.05882352,0,0.0117647,0,0.0117647,0.0117647,0.0117647,0,0.02352941,0.0117647,0.02352941,0.0117647,0.05882352,0.0117647,0.14117647,0.02352941,0.02352941,0.03529411
896,1,0.774077558,1.073124934,0.95,101,13,446558,4434331,3798.581787,14.06012663,16.10928237,3.391603693,55.61489517,3.963871256,55.98065616,5.263157895,186.165,54,13,33,5.43,6.479396084,9.354115241,52.70158527,8.133718727,32.50868652,304.09,57.7771,2.86,4.69,1.44,3,3,0,0,0,0,0,0,3,0,0,0,0,0,0,0,0,0,0,0,0,0,0,0,0,0,0,2,0,3,0.04166666,0.02083333,0.03125,0.01041666,0.01041666,0.01041666,0,0.01041666,0,0.01041666,0.05208333,0,0.04166666,0.02083333,0.02083333,0.04166666,0.0625,0,0.08333333,0,0.05208333,0.01041666
894,1,0,0.046223926,0.99,103,13,446666,4434351,3784.71167,0,1.437902544,0.00364449,1.730199992,0.358422778,3.488145067,1.01010101,169.23,65,15,20,4.7,5.090909091,1.358585859,29.33847936,5.762915589,75.77658734,102.949,101.91951,3.96,5.26,23.4,16,12,4,2,0,0,0,0,0,0,0,2,0,0,0,8,0,0,3,1,0,0,0,0,0,0,0,5,0,16,0,0.02564102,0,0.01282051,0.05128205,0.01282051,0.01282051,0,0.03846153,0.02564102,0.03846153,0.02564102,0.08974358,0,0.01282051,0.01282051,0,0.01282051,0.24358974,0.01282051,0,0
893,0,0.063910945,0.295519844,0.98,104,13,446754,4434370,3769.222656,4.679254677,14.48872095,1.777104343,60.81175283,6.738968431,65.64492979,2.04,169.397,74,14,12,4.6,9.114925592,3.888362619,60.36931604,6.623127686,16.1283826,62.713,30.74166667,4.41,0,4.09,113,77,36,2,2,17,0,0,0,0,0,0,0,0,0,56,0,11,3,0,0,12,4,6,0,0,0,9,0,113,0.01369863,0.02739726,0,0,0.04109589,0.01369863,0.17808219,0.01369863,0,0,0,0.01369863,0.01369863,0.01369863,0.05479452,0.04109589,0,0,0.19178082,0.01369863,0.06849315,0.01369863
891,1,0,0.185583245,0.95,106,13,446847,4434413,3758.724365,53.18818192,46.67241486,4.487193684,109.3697209,35.47401002,102.3568822,5.263157895,115.302,64,14,22,4.57,34.01707188,14.94060073,255.1466781,7.500547931,18.02725371,269.338,51.17422,20.87,19.16,0,68,45,23,0,16,4,7,0,0,0,0,0,0,0,0,18,0,17,6,0,0,0,0,0,0,0,0,6,0,68,0.01438848,0.01438848,0.08633093,0.01438848,0,0.01438848,0.11510791,0.01438848,0.00719424,0,0.01438848,0.01438848,0.02877697,0.0647482,0.05035971,0.01438848,0,0.04316546,0.11510791,0.00719424,0.04316546,0
997,2,0,1.189145497,0.95,107,13,446757,4434336,3755.185791,2.571379019,5.04093875,0.683934745,15.59681135,1.177245297,18.27399966,5.263157895,234.616,67,16,16,4.67,3.701279231,3.407720763,30.49583194,8.239268112,3.335954085,11.368,2.15992,3.8,4.71,11.18,21,18,3,0,0,0,0,0,0,0,0,3,0,0,0,0,0,0,2,0,1,0,0,0,0,0,0,5,15,6,0.02333333,0.00666666,0.03,0.01333333,0.01,0.01666666,0.00333333,0.02,0.01333333,0.02333333,0.04333333,0,0.09,0.02333333,0.01333333,0,0.01666666,0.00666666,0.09333333,0.00333333,0.01,0.00333333
995,2,0,0.58134622,0.98,109,13,446646,4434310,3763.769043,4.185852435,7.640481782,1.750135825,23.06115275,2.234589738,51.23867773,2.040816327,179.827,70,12,19,4.58,8.422047241,4.054337135,51.79867069,6.150365726,3.147000256,12.759,6.251909999,4.33,6.4,1.84,32,6,26,0,0,0,0,0,1,0,0,5,0,0,0,0,0,12,0,2,0,12,0,0,0,0,0,6,0,32,0,0.01351351,0.01801801,0.04054054,0.0045045,0.01801801,0.0045045,0.03153153,0.009009,0.009009,0.01801801,0.0045045,0.04504504,0.05855855,0.04504504,0.01801801,0,0.0045045,0.11261261,0.02252252,0.03153153,0.02702702
993,2,0.156912295,0.530795787,0.99,111,13,446537,4434292,3779.546875,14.22422664,19.25859839,3.481353066,41.74044676,7.497537835,64.09632488,1.01010101,207.179,70,14,17,4.61,11.37218779,5.168970376,74.87739067,6.584255559,8.106450019,41.902,41.48298,4.85,0,8.79,39,13,26,0,0,0,0,0,6,0,0,3,0,0,0,0,0,2,0,0,2,22,0,0,0,0,0,6,4,35,0,0.02325581,0.02325581,0,0,0.0116279,0,0.0116279,0.05813953,0,0.02325581,0,0.05813953,0.04651162,0,0,0.03488372,0.02325581,0.23255813,0.0116279,0.03488372,0.0116279
992,1,0.017354176,0.536170632,0.97,112,13,446496,4434273,3778.72583,3.308760313,6.42130226,1.336875258,24.17780187,2.758209791,45.72736474,3.092783505,190.418,74,14,12,4.73,6.487721314,2.941190907,46.23341614,7.126295028,39.79408468,117.042,37.84358,3.52,5.7,0.36,54,12,42,1,0,0,0,0,2,0,0,2,0,6,0,0,0,0,0,26,2,14,0,0,0,0,0,8,1,53,0.01587301,0.01587301,0,0,0.03174603,0,0,0.06349206,0.01587301,0.01587301,0.01587301,0,0.09523809,0.04761904,0.01587301,0.01587301,0.01587301,0.03174603,0.06349206,0,0.04761904,0
1096,2,0,0.65962592,0.99,113,13,446516,4434236,3754.761963,2.916757061,6.095564069,1.182024111,26.8022033,3.03828134,34.08815041,1.01010101,143.168,73,16,11,4.93,9.636363636,7.505050505,78.65656566,8.162473795,2.888987887,21.682,21.46518,3.37,3.89,3.53,131,33,98,0,0,1,0,0,2,0,3,0,0,12,0,2,0,6,5,72,0,4,11,0,0,0,0,11,13,118,0,0,0,0.04,0.02,0,0,0,0.02,0.02,0.02,0,0.02,0.04,0,0.02,0.02,0.06,0.14,0,0.04,0.02
1291,2,0.16533542,0.277297098,0.97,119,13,446779,4434241,3697.876953,1.493043935,2.592398829,1.510968945,9.458949964,0.755702445,16.13344986,3.092783505,159.848,67,14,19,4.21,6.716494845,5.268041237,48.77835052,7.26247122,2.2015773,11.598,3.75002,2.21,0,5.01,82,53,29,3,0,0,0,0,0,0,0,0,0,0,0,0,0,8,0,7,0,14,0,0,0,0,0,5,50,32,0.03061224,0,0.01020408,0.02040816,0,0,0.02040816,0.01020408,0,0,0.03061224,0,0.07142857,0.04081632,0.02040816,0.02040816,0.06122448,0,0.12244897,0.01020408,0,0.02040816
7935,2,0.913225828,1.200081083,0.86,120,13,446748,4434159,3656.428711,9.845385836,17.81321606,2.185749712,61.34438554,5.594972247,75.04733646,16.27906977,88.3431,70,14,16,5.28,6.994374728,10.03433974,44.79812431,6.404879071,35.32648975,354.478,21.77507714,15.11,15.26,0,132,72,60,1,1,11,0,3,52,4,0,0,0,0,0,0,1,15,0,44,0,0,0,0,0,0,0,9,0,132,0.01020408,0,0,0.04081632,0,0.01020408,0.01530612,0.01020408,0.01020408,0.01530612,0.03061224,0,0.12755102,0.06632653,0.01020408,0.0255102,0.00510204,0.01020408,0.13265306,0.00510204,0.05612244,0.03061224
7932,1,0.470524522,1.161929897,0.93,122,13,446617,4434135,3657.636475,11.69236502,53.92886644,11.83231346,116.8141377,11.99889586,119.5921499,7.52688172,121.153,67,20,13,4.2,12.63145998,31.96007637,95.05182211,7.525006789,13.62324655,435.4,57.846,6.43,0,1.19,311,150,161,0,0,0,0,0,0,0,0,0,0,0,0,55,0,0,12,19,130,0,0,0,0,0,0,5,95,216,0.01535087,0.08114035,0.08991228,0,0.01315789,0.01535087,0.12280701,0.00219298,0.03289473,0.01315789,0,0.02192982,0.03289473,0.06359649,0.00438596,0,0,0.03289473,0.10307017,0.0372807,0,0.00438596
1198,2,0.015632142,0.421416499,0.99,123,13,446859,4434292,3709.48877,1.111957441,1.768108815,0.173965592,7.161294927,0.599456267,8.757608044,1.01010101,283.281,81,13,6,3.91,6.601010101,0.025252525,32.90909091,4.985462892,154.2024015,3.894,3.85506,5.97,9.44,0,16,0,16,0,0,0,0,0,0,0,0,0,0,0,0,0,0,1,0,0,12,3,0,0,0,0,0,3,0,16,0,0.02040816,0.03061224,0,0.09183673,0,0.06122448,0,0.04081632,0.02040816,0.01020408,0.01020408,0.06122448,0.01020408,0.01020408,0,0,0.01020408,0.0510204,0.01020408,0.0510204,0.0510204
1197,2,0,0.071796885,0.99,124,13,446820,4434279,3712.693848,0.868554043,2.357212162,0.198729249,6.791346617,0.549438164,15.43803731,1.01010101,242.676,79,13,7,4.42,7.267676768,0.671717172,61.44444444,8.454482279,31.88693232,21.419,21.20481,4.87,5.41,0.27,43,1,42,0,0,0,0,0,0,0,0,0,0,0,0,1,0,8,0,0,11,15,4,4,0,0,0,6,0,43,0.01461988,0.00584795,0.02339181,0.01461988,0.01754385,0.02631578,0.10818713,0.02339181,0.00292397,0.00584795,0.02046783,0.0116959,0.05847953,0.04385964,0.00877192,0.00292397,0.00584795,0.02923976,0.0614035,0.0116959,0.01754385,0
1196,2,0,0.237819956,0.99,125,13,446768,4434265,3716.970703,0.726175682,1.199862277,0.250865957,5.547992023,0.346165257,11.47252855,1.01010101,204.426,77,16,8,4.05,4.904040404,0.97979798,32.35353535,6.597322348,0.263319588,0.258,0.25542,3.04,0,3.69,26,0,26,0,0,0,0,0,0,0,0,0,0,0,0,0,0,0,1,2,0,22,0,1,0,0,0,4,0,26,0.00236966,0.0106635,0.03791469,0.00118483,0.02132701,0.0035545,0.04383886,0.03199052,0.01540284,0.00592417,0.00236966,0.04739336,0.02962085,0.01184834,0.00829383,0.00592417,0.0035545,0.007109,0.06516587,0.02369668,0.01777251,0.01184834
1195,2,0,0.278438555,0.98,126,13,446725,4434250,3711.2854,11.75849461,19.67117419,2.39348945,40.70686653,6.151744551,46.80952696,2.040816327,142.455,58,20,22,4.73,8.918367347,15.60714286,56.66836735,6.354118993,6.297180777,98.281,48.15768999,5.69,9.67,2.07,148,140,8,0,0,0,0,0,0,0,0,0,0,0,0,130,0,4,0,0,4,0,0,0,0,0,0,4,10,138,0.11538461,0.0576923,0.01923076,0.01923076,0,0.07692307,0,0.01923076,0.01923076,0.01923076,0.01923076,0,0,0.07692307,0.03846153,0.0576923,0,0,0.17307692,0,0,0.01923076
1194,2,0.314263954,0.555529843,0.99,127,13,446673,4434240,3713.193115,1.465898558,1.976241984,0.491507417,8.038554715,0.675485794,14.87795155,1.01010101,124.923,52,21,26,4.77,6.383838384,2.46969697,48.73232323,7.633702532,1.069361963,2.641,2.61459,3.3,6.13,5.23,20,13,7,0,0,0,0,0,3,0,0,0,0,0,0,0,0,0,0,5,0,0,0,2,0,0,0,4,10,10,0.0051282,0.01025641,0.0051282,0.0076923,0.01282051,0.0076923,0.01282051,0.02051282,0.0076923,0.02307692,0.11538461,0.0051282,0.04102564,0.03333333,0.02307692,0.02051282,0.03846153,0.01025641,0.15384615,0.0051282,0.01794871,0.02307692
1193,0,0.190364753,0.197470337,0.99,128,13,446628,4434229,3710.34668,1.045896992,0.834755411,0.235806007,6.453194663,0.638727078,10.0174286,1.01010101,123.506,73,15,12,4.95,11.97474747,3.33,118.459596,9.892450443,30.03003003,100,99.00000001,3.65,7.52,4.88,30,11,19,1,1,0,0,0,9,0,0,0,0,0,0,0,0,2,0,0,5,12,0,0,0,0,0,6,0,30,0.00561797,0,0.01123595,0.03370786,0.00561797,0.01123595,0.01123595,0.01123595,0.02808988,0.01123595,0.05056179,0,0.04494382,0.02808988,0.01685393,0.04494382,0.02247191,0,0.1235955,0.00561797,0.03370786,0.01123595
1192,2,0.768662597,0.500727139,0.95,129,13,446567,4434213,3711.345703,7.623986578,6.631473464,0.968013732,32.9522123,2.433604072,18.9554416,5.263157895,114.034,78,14,8,6.2,4.747368421,14.89473684,48.68421053,10.25498891,5.510604241,82.079,15.59501,2.75,4.51,5.07,17,11,6,3,0,0,0,0,5,0,0,0,0,0,0,3,0,0,0,6,0,0,0,0,0,0,0,4,0,17,0.00904977,0,0,0.03619909,0.00452488,0.00904977,0,0.02262443,0,0.00452488,0.01809954,0.00452488,0.09049773,0.07239819,0.01809954,0.05882352,0.00904977,0,0.19909502,0.00452488,0.03619909,0.02262443
1292,2,0.024227134,0.376180063,0.97,132,13,446738,4434219,3693.483887,6.957662904,16.65125275,2.209637559,41.16941646,9.850125428,43.35392068,3.092783505,117.004,74,12,13,5,6.402061856,15.08247423,47.34536082,7.395330113,6.792917292,102.454,33.12679334,4.45,5.39,1.08,204,152,52,2,0,18,2,0,0,0,0,0,0,0,0,130,0,2,0,42,7,1,0,0,0,0,0,8,0,204,0.02857142,0.04285714,0.02142857,0.02142857,0,0.00714285,0,0.02142857,0,0.02142857,0.02857142,0,0.04285714,0.1,0.05714285,0.01428571,0,0.01428571,0.22142857,0.00714285,0.00714285,0.01428571
7933,1,0.094292029,0.761801562,0.99,133,13,446659,4434147,3656.880615,2.849996495,9.615576813,1.268579221,49.3106761,5.879840305,37.07543012,1.01010101,102.357,70,14,15,5.28,5.222222222,4.035353535,36.10511617,6.91374565,46.31118398,186.882,185.01318,3.56,3.94,7.87,118,42,76,4,0,0,0,0,0,0,11,3,0,0,0,14,0,0,1,75,0,0,0,0,0,0,0,7,10,108,0.01453488,0,0,0.06540697,0.01017441,0.01744186,0.01017441,0.01308139,0.00726744,0.0247093,0.0247093,0.00581395,0.0494186,0.03197674,0.02325581,0.04069767,0.02180232,0.00726744,0.20348837,0.00726744,0.04069767,0.02325581
215,1,0,1.070189541,0.98,135,13,445126,4433628,3843.987061,3.015715226,8.268132647,1.046331148,21.19583023,1.10275755,37.78513111,2.040816327,234.996,86,12,2,4.51,5.469387755,2.31122449,31.54115839,5.766853586,61.46352317,142.056,69.60743998,5.98,10.02,6.07,41,13,28,0,0,0,0,0,3,0,0,0,0,0,0,0,0,9,4,12,0,3,0,0,0,0,0,6,10,31,0.00595238,0.08928571,0.03571428,0,0.01190476,0,0.07738095,0.00595238,0.01785714,0.02380952,0.02380952,0.01190476,0.07142857,0.02380952,0.01785714,0,0.00595238,0.02380952,0.10119047,0.01190476,0.00595238,0
2110,2,0.134542966,0.163237032,0.99,136,13,445122,4433632,3843.987061,1.725791118,2.953685213,0.247911589,9.484571306,0.445405445,19.85368657,1.01010101,227.495,78,16,5,4.2,4.918167264,0.158233787,26.56612127,5.401630291,689.5114,109.104,108.01296,3.27,5.07,2.46,40,10,30,0,0,0,0,0,0,0,0,0,0,0,0,0,0,6,17,2,0,5,0,0,0,0,0,5,10,30,0,0.03100775,0.02325581,0.00775193,0.04651162,0.01550387,0.17829457,0.01550387,0.03100775,0,0.00775193,0.05426356,0.0620155,0,0,0.00775193,0.00775193,0.03100775,0.0620155,0.05426356,0,0.00775193
245,2,0.450951672,0.576866826,0.93,137,13,445126,4433621,3842.454346,1.355264466,2.41324979,0.030895908,6.271614913,0.184333667,25.83299183,7.52688172,248.508,60,17,23,4.27,3.625272488,0.185581375,23.24358137,6.411540496,928.3151394,172.278,22.88836286,2.43,3.46,8.05,24,13,11,0,0,0,0,0,0,0,0,0,0,0,0,0,0,0,0,9,0,1,0,0,0,1,0,4,13,11,0.00819672,0,0.0409836,0.0409836,0,0,0.02459016,0,0,0.02459016,0.06557377,0,0.02459016,0.04918032,0.01639344,0,0.08196721,0.01639344,0.17213114,0,0.06557377,0.00819672
2220,1,1.089978813,1.244035209,0.96,139,13,445141,4433634,3832.378418,9.429048745,38.02454514,3.069340944,59.42742892,6.658615011,117.0724497,4.166666667,209.584,76,14,10,4.39,7.272298592,9.968728582,62.39604968,8.579962565,10.10831012,100.767,24.18408,6.9,7.45,0.02,38,26,12,0,0,0,0,0,0,0,0,0,0,0,0,0,0,10,0,0,2,0,0,0,0,0,0,4,26,12,0.01470588,0.02205882,0.06617647,0.00735294,0.02205882,0,0.04411764,0.00735294,0,0.00735294,0.0367647,0.01470588,0.10294117,0.02941176,0.02205882,0.00735294,0.00735294,0.01470588,0.11764705,0.02205882,0,0.01470588
23410,1,0.282495899,0.69436648,0.99,141,13,445130,4433616,3842.454346,5.355680148,7.660069985,0.510742944,25.86479605,1.499945895,22.45512315,1.01010101,257.053,82,14,4,3.98,5.282584471,9.88,21.84890489,4.136025653,30.00394737,296.439,293.47461,7.42,9.45,0,54,16,38,0,0,0,0,0,0,0,0,0,0,0,0,0,0,21,8,1,0,7,1,0,0,0,0,6,16,38,0.02531645,0,0.01265822,0,0.02531645,0.02531645,0.10126582,0,0,0.01265822,0,0,0.06329113,0.01265822,0.02531645,0,0,0.01265822,0.1392405,0.01265822,0,0.02531645
30,1,0.11444947,0.434884521,0.99,145,13,446763,4434301,3736.311279,1.008547634,3.03962761,0.343555137,4.811300225,0.694307971,15.6026289,1.01010101,262.888,76,16,8,4.5,3.585858586,3.080808081,13.56060606,3.781690141,41.25735737,127.106,125.83494,2.46,0,13.59,9,6,3,0,0,0,0,0,1,0,0,5,0,0,0,0,0,1,0,1,1,0,0,0,0,0,0,5,0,9,0.01515151,0,0.02272727,0,0.0530303,0,0.03787878,0,0.01515151,0,0.03787878,0.03030303,0.0530303,0.03787878,0.03030303,0.01515151,0,0,0.02272727,0.03030303,0.0530303,0.02272727
3110,1,1.135941489,1.130935976,0.97,146,13,446766,4434310,3739.884766,2.455003616,6.780132848,0.468265296,22.60392477,1.627420598,20.15413762,3.092783505,264.225,80,14,6,4.58,4.955953005,29.87826659,34.83421959,7.028763098,6.041481672,180.509,58.36457667,4.45,6.99,7.92,15,1,14,0,0,0,0,0,0,0,0,1,0,0,0,0,0,7,1,6,0,0,0,0,0,0,0,4,0,15,0.02139037,0,0.00534759,0.00534759,0.02139037,0.02139037,0.00534759,0.01069518,0.01069518,0.01069518,0.13368983,0.01604278,0.10160427,0.03208556,0,0.00534759,0.01604278,0.00534759,0.10160427,0,0.00534759,0.00534759
3410,2,0.079907586,1.034037145,0.96,150,13,446753,4434302,3737.725098,3.779405416,6.508383991,0.587289201,20.7529622,1.546801839,28.5858267,4.166666667,262.303,73,16,11,4.62,4.265625,2.859375,34.03645833,7.979242979,8.420721312,24.078,5.77872,3.33,5.35,13.1,13,6,7,0,0,0,0,0,1,0,0,4,0,0,0,0,0,1,0,4,0,2,0,0,0,0,0,6,1,12,0.01734104,0,0.05780346,0.00578034,0.00578034,0.02312138,0.01734104,0.01156069,0.01734104,0.00578034,0.10404624,0,0.02312138,0.02890173,0.04046242,0.00578034,0.02312138,0.00578034,0.09826589,0,0.01734104,0.02312138
33210,2,0,0.570596234,0.96,152,13,446770,4434294,3736.311279,3.99603021,8.189622832,1.149433796,25.31144861,1.937385163,36.34563094,4.166666667,257.017,71,15,14,4.72,3.766328344,4.964687972,20.83333333,5.53147029,6.832252136,33.92,8.140799999,2.62,0,6.49,44,23,21,0,0,0,0,0,0,0,0,2,0,0,0,0,0,0,0,6,12,3,0,0,0,0,0,5,21,23,0.04838709,0,0,0,0,0.01612903,0.02419354,0.02419354,0.04032258,0,0.06451612,0,0.04838709,0.02419354,0.01612903,0.00806451,0.03225806,0.00806451,0.06451612,0,0.04032258,0.03225806
31210,1,0.629018248,0.738726033,0.95,153,13,446772,4434307,3738.220947,2.882333661,4.746322017,0.539354905,8.039793984,0.89640918,20.90564177,5.263157895,266.02,75,14,11,5.17,1.239130435,16.9673913,10.83695652,8.745614035,17.44393082,295.978,56.23582,3.16,3.95,6.17,6,3,3,0,0,0,0,0,0,0,0,3,0,0,0,0,0,0,1,2,0,0,0,0,0,0,0,3,0,6,0.01754385,0,0.02339181,0.0116959,0.0116959,0.00584795,0,0.0116959,0.0116959,0.01754385,0.04093567,0.00584795,0.07017543,0.00584795,0.02339181,0.0116959,0.01754385,0.00584795,0.0994152,0,0.04678362,0.03508771
335,1,0.39431695,0.830953283,0.97,154,13,446763,4434298,3736.311279,2.666634595,4.907389125,0.481308837,7.35914893,1.197195207,19.75570858,3.092783505,261.252,79,14,7,4.24,6.273195876,3.025773196,30.95876289,4.935086278,18.30507325,55.387,17.90846333,2.96,5.5,0.99,7,5,2,0,0,0,0,0,1,0,0,3,0,0,0,0,0,0,0,0,0,2,0,0,0,0,0,4,1,6,0.00980392,0,0.01960784,0.02941176,0.02941176,0,0.00980392,0.00980392,0,0.00980392,0.07843137,0,0.05882352,0.00980392,0.00980392,0,0.02941176,0,0.0490196,0.00980392,0.03921568,0.01960784
3310,2,1.13682958,1.225838139,0.96,155,13,446761,4434294,3732.09668,1.515233683,3.278347614,0.515919256,15.23482027,0.968991668,26.25506754,4.166666667,258.398,81,16,3,4.05,6.302083333,1.140625,31.06770833,4.929752066,99.99517808,114.057,27.37368,3.73,5.76,5.78,2,0,2,0,0,0,0,0,0,0,0,0,0,0,0,0,0,0,0,0,2,0,0,0,0,0,0,1,0,2,0.0076923,0.02307692,0.03076923,0,0.03846153,0.0076923,0.04615384,0.01538461,0.01538461,0.03076923,0.05384615,0.02307692,0.08461538,0.01538461,0.01538461,0,0.0076923,0.0076923,0.1076923,0.01538461,0.01538461,0
315,2,0,0.675652623,0.93,156,13,446764,4434305,3739.884766,1.271037499,1.453350292,0,5.762526431,0.136220456,9.162928166,7.52688172,264.423,81,14,5,4.92,2.037634409,4.193548387,14.33870968,7.036939314,44.96931539,188.581,25.05433286,2.31,4.34,13.44,11,5,6,0,0,0,0,0,2,0,0,0,0,0,0,0,0,5,0,0,0,1,0,0,0,0,0,4,3,8,0.01860465,0,0.01395348,0.00232558,0.00232558,0.01860465,0,0.00930232,0.00465116,0.03255813,0.04651162,0,0.12093023,0.03953488,0.01627906,0.02093023,0.00697674,0.00930232,0.11860465,0,0.05581395,0.00930232
7913,0,0.706264558,1.801905123,0.92,157,13,445937,4433706,3655.56543,1.017924319,6.595690328,0.703399535,24.47606189,1.870678962,66.07277365,8.695652174,358.477,81,14,5,4.36,6.328260677,2.062848923,55.66638568,8.796474817,43.10446539,88.918,10.22557,2.21,3.29,6.76,26,19,7,0,0,0,0,0,0,0,0,0,0,0,0,1,0,0,0,0,0,0,0,7,0,0,0,4,18,8,0.02272727,0,0.03787878,0.02272727,0,0,0.03787878,0.00757575,0.00757575,0.01515151,0.0530303,0,0.07575757,0.03030303,0.00757575,0,0.03030303,0.03030303,0.0530303,0,0.03787878,0.01515151
592,2,0.055191094,0.34286693,1,159,13,445150,4433664,3834.394775,11.78505234,20.66233756,5.182086402,50.38852916,5.781298237,80.55079509,0,144.609,71,15,14,4.67,5.591207664,7.996104214,42.03167598,7.517459288,7.188625668,57.481,57,4.28,6.66,0,22,20,2,0,0,0,0,0,0,0,0,0,0,0,0,0,0,1,0,0,0,1,0,0,0,0,0,4,20,2,0.00552486,0.00552486,0.03314917,0,0.01657458,0,0.13259668,0.00552486,0.01104972,0.00552486,0,0.03314917,0.0276243,0.0276243,0,0.01104972,0,0.00552486,0.07734806,0.01104972,0.01657458,0.00552486